,wookieecolor,xcoord,ycoord,zcoord
0,red,-3.4106917365423746,0.8543996311456528,0.22815401450643924
1,red,0.35008038559809096,-0.7511203238298723,-1.8451828077654813
2,chartreuse,0.841711966404432,-0.058203949187417114,0.24621738166390916
3,red,-0.6462596749322568,-1.8210817184835344,0.4446163948185759
4,blue,1.4235382394616833,2.269408667087387,-1.061053386764633
5,red,-0.7108313025235103,-3.657874240434584,0.026181263622963913
6,red,0.9060121723603671,-1.8326516868293243,-0.965659115548209
7,white,-0.5297672931652335,-0.6012440438369449,0.5362572030905151
8,blue,1.1867509021098932,2.1865942463637458,-1.2505263733102174
9,white,1.0833829069245295,-0.15716913207993477,0.5729838522792428
10,blue,-1.1970844196781119,-0.6429792258391986,0.2298911900992613
11,white,1.4155927055273152,0.4411360203861949,-0.18091398255577906
12,blue,0.8579758942609826,1.1515308886315752,1.097573060538704
13,chartreuse,0.5938767085187631,-0.483948038657831,-0.05777531229112709
14,red,-0.5962951596058607,-0.2256098980262926,0.8231790196038705
15,red,-1.2891506481029127,-0.22303325622302295,-0.9480967303333288
16,red,-0.7118566799044809,-0.639171067826841,0.7004982238619498
17,blue,-0.04548877755508962,1.1871741164730187,-0.013903506468246563
18,red,-1.4671648886746043,-0.2648599168536689,0.5986840545867496
19,red,-0.9121170184682312,-1.0168668772886327,-0.0488687127578733
20,blue,-1.3482928496189415,1.4306394722379423,-0.7872162537806785
21,red,-2.3257055388579873,0.5048066488179821,-0.5934506112035639
22,blue,-1.1192366691515852,-0.39257050893834755,1.1060734288513148
23,blue,-1.3653564804643976,1.8329811605860022,-0.9274916396329336
24,chartreuse,0.7215602086754332,1.2855009578992065,-1.8607019359880899
25,white,-2.237557462767862,2.2389850778369826,1.445373464870417
26,chartreuse,0.0841964065834746,0.5176447265306865,-1.0909070948259243
27,white,1.6409878095038244,-0.24723582948331546,-1.7861435793017821
28,chartreuse,-0.03581066637295738,-0.08792079787156604,-0.42220585434430224
29,white,1.7330954043805349,0.09172692211756583,0.8789522819642513
30,red,-0.7072266684691549,-0.9070749240418866,0.6702119850527253
31,blue,-1.8699522835653957,3.0328570698635966,-0.8695155796888585
32,white,0.4361747300282155,-1.6600710224313169,-0.15472131295690372
33,red,-1.1179773996401372,-1.0282265604342746,0.5718858064774759
34,white,1.8474432924200774,0.9271526857841599,-0.11394388849559012
35,white,0.7539199192682509,-1.0650330893254556,1.1688538492477027
36,red,0.8525880849400809,-0.7990112419604035,-2.2670467888998624
37,white,1.7008200268587494,0.3566404617182348,1.015146382545652
38,blue,-0.1481837687644234,-0.06627428021201165,-1.0524851449546198
39,red,0.19814163405797958,-1.242291915111342,-1.0112655431167221
40,white,1.9776151409754577,-1.2022246239999106,-1.8670486049019586
41,red,0.29846828970669725,-0.9190135391694458,0.8480607035985196
42,white,0.947187052625287,-0.7857599732566996,2.0539642323213174
43,white,0.35744150213555237,-0.004238469515658427,-0.5412105826008213
44,white,0.8388621177273903,-1.633635724213333,-0.5646659751179532
45,red,-0.08653657345029442,0.12834160203912792,-0.08420377842992588
46,red,-0.23962866636083496,-0.5909478548719391,0.8095248355044729
47,chartreuse,1.0677542845791743,-0.8810884054602965,-0.11211847022210608
48,white,0.3332907086492656,1.1819423417046986,-0.8761285880816405
49,red,-1.3188890909466018,-0.41493486992389267,-0.30664177763013223
50,white,0.272672579579566,0.12973075681071322,-0.5029792741111362
51,white,-0.26327190834814285,-1.2108160117889886,0.28209672305435474
52,red,-0.650626213120515,-0.9810498578482331,0.6460686059601589
53,white,0.8714178578098484,0.017164556435549594,0.15879123751437618
54,white,0.8061321978769088,-0.8826733223033227,0.5268280580084538
55,red,-1.0671145624029705,-3.5339849812896365,-0.021565798554592175
56,red,-1.659708697559409,-0.17932708086413596,-0.39758484315351855
57,white,2.9494063905504806,1.780060777366968,-0.1739216308841729
58,red,1.972430409648554,-2.0551680950978017,-1.8304407804612082
59,blue,0.024970507755194715,-1.806314712642583,0.3133588350178298
60,red,-2.416338741564944,-0.0764919475451874,-0.015715639386139624
61,red,2.1388073286163793,-1.6562212924561788,-2.2100867131394133
62,red,-0.016910307997601848,0.14350844320008183,1.0475419294885058
63,chartreuse,1.87802064663125,-1.0986721973845635,-1.1055181045850389
64,white,-0.271365087097968,0.6747271599650011,-0.08927005570477042
65,red,-2.4509337948115304,-0.4211456696560276,0.7562276761446196
66,white,0.37753910573076677,-1.8996833078596935,1.6318466705693648
67,red,1.188915294500191,1.1010498566249762,0.4727864798947935
68,white,-1.8186470356034772,1.4189503674234196,1.2625546357896238
69,white,-1.2939104510934698,-3.512342727048999,2.245545292685741
70,blue,-0.9728040880810014,0.0075548311050530614,0.922583741517316
71,chartreuse,0.8978639748527029,-0.02301413626948523,-0.4488382758588163
72,white,0.9112171576801404,-0.3289422390507952,-1.0240752654521188
73,white,1.0587316175370112,-0.09891531874333281,0.12789493677132469
74,chartreuse,0.7363498890350335,0.6301616388959708,-0.8465633801499064
75,red,-1.0529995124709368,0.12409949076861637,-1.512054769819387
76,red,-0.43685833659263285,-0.022975062245514044,-0.4963604372552807
77,white,0.7868485482423575,-0.23408771790801824,-0.9348272388736648
78,white,1.0507395238804151,-1.291796207995397,-0.8662313960618554
79,white,-0.054616906744270444,-0.3180056033868095,-0.030442922468351563
80,white,1.4134182718047916,0.667517066359911,-0.37232476223937483
81,white,1.0417462344570998,-0.6887212608506916,0.9743514982032864
82,white,0.16561051196869847,-0.9432702857633992,-0.24590463193315415
83,red,-1.4716881525362449,0.38389295065163154,-1.3582386058119384
84,chartreuse,0.5179347396710727,0.7672747232846246,-0.5867635196642382
85,white,1.3831087593425906,2.9460530823624334,2.764433352222726
86,blue,2.1575960002729824,4.7365316893471165,0.7612137736375699
87,white,1.1026546308482383,-2.522428968787692,-0.12668839646465835
88,white,0.7534923349602076,-0.6894729278676149,0.8309382035301454
89,red,-0.5654371994032181,-1.3001833630836757,0.5820420333832312
90,red,0.5119505443155006,-1.284768328668676,-1.2118831075651588
91,white,0.06984686920713923,1.4359852790263055,-0.6920623374535132
92,red,-0.9227514678013238,0.6550481060759403,0.9308772277007653
93,red,-0.45392338568885926,-0.498323356405339,0.7953685876165295
94,red,0.28174412333384935,-0.7207984053954732,-1.5933249238592548
95,red,1.3558984250501622,-2.691522257402414,-0.0714475879353853
96,blue,-0.8696727477096928,0.40308993526121867,1.1896517909734423
97,chartreuse,0.9981062468271044,1.7289107468643996,1.667341749789243
98,blue,-3.4086815792662737,-2.122186623920686,2.3733746887794744
99,white,2.661978544473744,1.3600250880284654,0.3694358881264934
100,white,0.9071800636880732,-0.9064869117534669,0.6003788098970793
101,chartreuse,-2.19608985361348,-2.2212077693648347,0.15942240157402265
102,red,0.49732135494928387,-0.9641840680061504,-1.7003397001696514
103,red,-2.434479725278364,0.3393916222419484,-0.3245781938798852
104,red,-0.6450785394410485,-2.371490123667072,0.34221286963338116
105,white,0.8237181001522568,-0.7812803276262341,1.1481831350630283
106,blue,-1.7964445704374197,-1.3038529388310944,0.8670813742053916
107,chartreuse,0.42606811174819337,1.1344577140053482,1.5071194040967244
108,white,0.6293640508964169,-1.1144112094729388,-0.5152019030235692
109,blue,2.043219158991327,-1.5833492766475625,-1.8149858783469834
110,white,1.6130805992478043,0.3674865111187626,1.231759495873757
111,white,-0.7878272302793528,0.6902267756436913,0.4178945807162686
112,chartreuse,1.816869285520148,2.3986319645022607,1.2746572838662955
113,blue,-1.2471713714952766,1.7782103326109728,2.0078388201606163
114,red,-1.0999617224042757,0.04449032371820305,-1.1802762676783183
115,red,-1.5346218514909855,-1.0844333691165677,0.7636349403083744
116,red,-0.973939990280803,-2.000649509118462,0.37485390340294006
117,blue,-1.4394945501092316,1.0110717502075914,-1.84537875975616
118,white,0.3265378858150403,-1.2594659025999975,1.3569193901418626
119,white,0.30460269600481116,-1.5311327633140213,-0.04303397648381457
120,red,-0.6078432376271299,0.6293026929960599,1.015760011540857
121,red,0.7889478961697993,-1.241093605281791,-1.413864702697457
122,blue,-0.6561167096064434,1.1284287887261395,0.5800597928022865
123,white,1.9229248592591655,-0.7453977401374172,-1.9440866380470267
124,white,-0.582033233518801,0.8321409894811995,0.15200185742697303
125,white,0.34457244431952133,-1.3548145884624687,1.0462736766299447
126,blue,1.1223128641422975,3.0785323421157527,0.8897198774253664
127,white,-1.0110370607824226,0.3944367524600263,0.7304056708476678
128,red,-0.6317572789721629,-1.9513635596400891,0.4511831014569162
129,red,-1.1987078930154529,0.3603767418696393,-1.4084940970155977
130,red,-1.421521033494197,-0.8569563906437656,0.3590923418856251
131,blue,-0.933918095328711,1.006464896108303,0.11242073107391992
132,red,0.28640039689703645,-1.606308701352513,0.73137852954281
133,red,0.2880327273265221,0.07551461243720037,1.1376336976082662
134,blue,1.055288439845925,-1.6564706878630722,1.4426235784774868
135,chartreuse,1.5737163669300993,1.6884906649729574,1.0989546932539187
136,red,1.0344243641194433,-1.5283591950434956,-1.312007922729605
137,blue,-1.5824279904060092,-0.9575154508218422,0.7038243796178554
138,white,-1.4868347061075673,-3.907412007232865,2.039047226733432
139,blue,1.064599109193718,0.05765410567977014,-0.30080057988905473
140,chartreuse,1.4938904958838968,-1.1130502178237547,0.5007755836493504
141,chartreuse,0.4418526906955169,2.3000393886488224,0.4390792730389148
142,red,-0.5778669792927009,1.5402373356702688,1.688027303614223
143,white,1.4395694355694006,0.3494021744602316,0.5760587346189724
144,white,1.9350833586269813,-1.4656469082769545,-1.7203249131718064
145,white,0.2020806481210295,-1.6175803356975318,0.9649903988256001
146,red,-0.6637109416065176,-1.2142600970299062,-0.2072395726709781
147,white,0.17308081788837804,-0.7142010765303771,-0.15163925119974164
148,chartreuse,0.41718689132936293,-0.10328936371210662,-0.023397618549743204
149,white,0.5012886268299301,-1.9870183657666063,-0.12761830023629495
150,white,3.0139551591675,2.492579816503577,-0.7440234996101838
151,white,0.5134414216864174,-0.9146051540556979,1.1556152676615377
152,blue,-1.0820513190568462,-0.2818857663747415,1.0928894346067866
153,blue,-0.7949577664301524,1.1538629209028624,-1.4472775043028894
154,red,-0.22659196606017512,0.0690856987407843,-2.103750961417437
155,red,-0.15724292571401632,1.1865738626584585,1.2084428452733422
156,white,0.5384891950350259,0.0772603929386434,-0.7501793089363042
157,blue,1.3758521502965235,0.7328279486641562,-0.4490047446444423
158,blue,0.40771501223637263,0.6712262077190695,-2.7262828464938087
159,red,-0.693299056808032,-0.3232734186010456,0.7692856195448637
160,white,-0.15309104557854458,-1.678955423835062,0.9291499713714599
161,red,-0.7840079034100711,-0.15657228271575707,-1.4232684069346848
162,red,-0.42433468548818587,-0.6907080158058091,0.7621019958272188
163,red,-1.1532226069147937,-0.20657690815582047,0.6566645564987408
164,white,0.765102087343139,-0.7612841814748535,0.8924264247527889
165,red,0.0005410558488547768,1.0166698034142077,1.2523243137944475
166,red,0.43802879903999803,-1.1545916974023447,-1.4142584095569586
167,red,-0.4838592642171587,-1.8545332119461,0.48261135642596503
168,white,-0.6159536421851726,-2.1435359279346486,1.0241049843002914
169,blue,-1.1005229125334326,-0.08036333454837663,0.24234012355995926
170,red,2.1890307953895967,-1.6668738365747289,-2.542507752595351
171,red,-1.130718096613891,-0.5321362979924625,-0.5800170180271353
172,red,-0.2576619667110278,-0.21646015446428718,0.8790232706268619
173,red,0.7319964680528204,-1.7281799263371973,-0.9275289058086561
174,blue,-0.6777167911347293,1.1476997983427353,-0.2248320566592154
175,blue,-1.0178877835063056,0.9679408417660992,-1.9410182519876744
176,red,-2.6325124047025072,1.614799029831752,-1.9370090488064606
177,chartreuse,0.37639190350656165,0.6966454960924486,0.978359124173108
178,chartreuse,0.6201536218199696,-0.4336504687864964,-1.2082534514279033
179,white,-0.2386054084843987,-0.14760952075651834,0.09706057911936306
180,red,-0.9247985806288072,0.3084456841375196,0.8955432051313004
181,red,-1.332709155172943,0.9660947351577303,0.9240900364049028
182,chartreuse,0.40503500976380413,1.1820086143106652,-1.3051537706952068
183,chartreuse,0.5279429835076044,-0.38717548642478006,-0.7612598178246741
184,red,1.9256666668960767,-2.425833616582392,0.3048199148090516
185,chartreuse,0.8605536917738651,0.6116458001047397,0.6211972445078839
186,white,0.1684145677678015,-0.8919034534269957,-0.09723188264875304
187,white,0.21637305943585616,-0.29238754260632116,-0.32944924435028794
188,red,-0.1075797535266414,1.106332197141286,1.2161548014020869
189,chartreuse,-0.06408216116975218,-0.19533126537616718,0.08450285936298707
190,red,-1.2768667811809686,-0.6658943477326148,-0.28685078703222844
191,blue,-1.1500011359370885,1.6285149692603489,-0.9357844377420477
192,white,2.5645020133710537,-2.0718154701351637,-2.197224419083099
193,red,-0.8489844584758481,-0.06307065180251814,-1.582773892178507
194,white,0.49721222977310436,-0.8664747849529784,0.9652186868863233
195,chartreuse,0.8164698861548573,0.1648808417620653,-0.05383222408562638
196,blue,-0.5376015038368107,0.3239227654430297,-0.2824448338722485
197,white,0.17152702022259914,-1.1876550614317005,-0.03836882637672312
198,red,-0.7102089977108287,3.665110251306343,1.629147174930434
199,red,-0.3980854991280359,0.8596211287328946,-0.31233868192643577
200,red,-1.789487645056759,-0.3052849855360789,-0.06575974793529982
201,blue,0.43401145266845176,-0.38680719655877005,1.5446837730825786
202,red,1.0283489685377283,-2.121946637961771,-0.46755160154776465
203,white,2.5539745440858495,-1.4092509673668259,-2.398582591242812
204,red,-1.3561022934001747,0.5610706206121632,-1.8728382282134515
205,blue,-0.20562115219150723,-0.3884290369492118,-1.4781515292381755
206,blue,-1.635078011346052,1.9217185182798358,-0.7422070018235515
207,red,0.6768954696833309,-2.6245357070088886,0.7165852218448188
208,white,0.6329903980685299,-1.441947976751781,1.688944063894322
209,red,0.7838181244808322,-2.254966211061026,-0.0693284190839405
210,blue,-0.37387442691193246,-0.29391090390537844,-1.5773379236224705
211,red,0.5238438572903579,-0.2640176539209733,-2.5462458449992695
212,white,2.1030513889369953,-1.62051942982414,-1.8631441753383755
213,white,1.8361368375386957,0.5973449285462971,0.9547965800702363
214,chartreuse,0.07565259842017014,0.9159362019164896,1.5352663184528814
215,white,-0.1573460888887439,-1.397474824849558,-0.21112710572536242
216,red,-0.5897048619218018,-2.0020802191340668,0.43349208000897443
217,red,0.1334904188249455,-1.1676714845851215,-0.8806833675592378
218,blue,-0.42246640429939397,-0.30393170437882394,0.3355376780733521
219,chartreuse,1.4270340385700484,-0.45232278075392407,1.5216063767916979
220,red,-0.5368136153876891,-0.019179327945268665,-0.0009994208925888648
221,white,2.082170123808387,0.21089350383434446,1.2762745377688856
222,white,0.4051581078916671,-1.35694922393552,-0.21031562363218143
223,white,2.5860573803450206,-2.292823661577946,-2.1553436245365125
224,red,-1.0022656506485075,-0.1465580956430812,-1.2705838497605715
225,white,-0.4245275816239398,-0.21391166940744077,0.3110628162821043
226,white,-0.19828241462036345,-1.9405088920269542,1.6610225666476648
227,red,-1.3836500820465356,0.4581183794489134,-1.6797280440024844
228,red,-3.3391233111677066,0.13568782009190994,0.9365289912864099
229,chartreuse,2.6417830005980067,-2.038881820003653,-2.3067155653262876
230,red,-0.03439439151260304,-0.3825734786414231,0.9156993599195226
231,white,-0.16920931037007048,-2.035046150919709,1.5534666021805072
232,blue,-0.034439491974737724,1.142412233014951,0.09892180430983422
233,white,-0.4652295517152525,-1.8552633747465608,0.8989722394660368
234,red,-0.1907760495892652,-1.3460756063646666,0.6511596459910638
235,red,-0.11808585008441375,-0.8305512695865067,0.7816595772142523
236,red,0.04057635367983847,1.8930362809143901,1.4319439204287578
237,white,0.09255894321045854,-1.6040847717932514,1.2795678170963671
238,red,-0.2497099243232691,0.44486384178630356,1.0695366255365724
239,red,-1.2684329174074769,-1.532133414416934,0.41483134425615154
240,blue,-1.3245978528146658,1.6517765731951657,-1.1948028577145124
241,chartreuse,1.9838975992716932,-2.0241618447474634,-1.8218731331625964
242,chartreuse,0.41358958797156625,0.6212115118770035,-1.6982805080206038
243,blue,-0.5555087713202312,1.7880968321252277,2.1372745723449897
244,chartreuse,1.0902140797839541,0.07142828675801993,-0.61596252854433
245,red,-1.5539810556964035,-0.5201871629712017,-0.21907495646064484
246,white,1.2848389943687697,0.0600722389737014,0.6873507891926158
247,red,-0.9685725152413482,-2.547555468564531,2.187026741374561
248,blue,-0.6219024764536205,0.7307446736294,-0.5755364493830275
249,white,0.8847934583300052,-0.48620987033729846,0.9932629356140472
250,white,0.9534373967044971,-0.7463737031055738,1.5314449923949303
251,white,0.36948870823837754,-0.6123608533380264,0.27939248886529294
252,white,1.6825315671679224,-0.19887061756708313,-1.844204357117012
253,red,-1.678317850236546,-3.0091825946822404,-0.010254996360800517
254,white,2.1678986160436615,-1.3623240021437901,-2.001363378811651
255,chartreuse,1.4569004904055032,-0.609884262752886,0.6184434041857696
256,white,-0.001215859934157404,-0.7554434796888112,0.04744760832232353
257,red,-0.5675251282733406,-1.2080559201424863,0.6429016007930706
258,blue,-0.7968635724940338,0.4437268461326557,0.3947915682772978
259,blue,-0.44319230665147585,0.8613838376353,1.0995520196995474
260,chartreuse,1.9416063932573704,1.2550283899599668,0.015737253933844286
261,white,-0.39840520859727957,-1.421672551870295,0.016931519236409676
262,blue,-0.11345623714622888,0.6366488820794943,0.6903839186474989
263,red,-0.9785189560292626,-0.4469350431737041,-0.7966882234261558
264,blue,1.0615065352559725,-1.866947583273032,-0.15714772196076388
265,white,-0.9384661370544889,-0.19500859091443934,0.8158764517819326
266,chartreuse,0.5872698709307619,0.38043619227183595,0.7225451165298579
267,white,0.965444275538005,-0.13796595623399954,-1.134198945434516
268,white,0.6419995402477869,-1.623024858736215,-0.3837631364881054
269,blue,-0.4891647095528306,0.6214843776342158,-1.3576659002692881
270,chartreuse,1.8320196093335996,-0.6461845341909733,1.5999359046835548
271,red,-0.20588917555099534,-0.250742219077432,0.8861641870219236
272,blue,-0.08919685127244015,0.4890548803823833,-0.8332298199843935
273,white,1.0122702657605873,-1.3128083083162265,1.4650617805925887
274,red,-1.8370502505853912,0.6763041347597989,-1.2915514311243923
275,red,1.030428472388876,-1.6435846138635162,-1.3748223567907654
276,red,-0.07290418858641445,-0.840875688211605,-1.378689482617594
277,white,0.4202578642830175,-0.3825946121005115,-1.7427004757308655
278,white,3.3557981010331828,-1.166859579855056,-3.281227615569313
279,blue,-1.1850931478367213,-0.23635441249642553,1.093060761850718
280,red,-0.511632617170972,-0.3047271659388727,0.8350483030388297
281,chartreuse,1.3783990007525257,0.27753063425043417,1.414027144187583
282,blue,0.4049927439294112,-0.41018169001229765,-0.3729497234172554
283,chartreuse,1.0191383184606997,2.230106113059672,2.3134804544803664
284,chartreuse,0.531163054166845,2.3122953642156983,-0.20419541829116966
285,red,-1.0939064746101752,-0.10082230682739579,-1.3525622264219055
286,blue,-1.8596719686987917,-0.04735276571137159,2.724705777441395
287,red,-1.6105346453973686,-0.4026152254920445,-0.15170534722650175
288,red,0.5608167795341454,-0.874425468965971,-1.720105623479091
289,red,-0.9449271558937153,-0.8872754372882787,0.6281193186770401
290,blue,-1.846426386040279,2.513575511920359,-1.7487890007638562
291,red,0.6633937279821034,-0.9017788275946728,-1.7766602205434752
292,red,-0.5989076693746412,-1.6186156793341406,0.5456368295374889
293,white,1.2675856574481452,-1.3349323385695002,-1.1104772838576815
294,red,-0.11125129334887107,-0.350415173622984,-1.7421248518186663
295,white,1.1941875969204734,0.2634587672127461,-0.47539707230526407
296,red,1.5788034035417227,-0.9162058357791515,-2.6669976386960217
297,chartreuse,1.065430717641311,0.7385194762552127,-1.751916259257146
298,blue,-0.4570041960672267,0.35606460192807887,0.40522918352308157
299,chartreuse,0.3032847503443298,-0.4125298060477758,-1.1968455286690947
300,chartreuse,1.5348753631396383,-0.5417440741645052,0.5651003493688327
301,red,-0.5524120541729685,0.7042128391571463,1.0503177687544771
302,white,1.0909843861429502,-0.17631411048401824,0.14499881986905383
303,white,2.9951842088312643,-2.288116817780928,-2.587027339082525
304,red,-1.201482802737292,-0.5745573036908039,0.6311548134928315
305,red,-0.333545822874741,-0.6551527604192695,-0.8256170383579035
306,blue,1.023529360107362,-1.7700796055951102,-0.1783043302822569
307,white,0.32325952860052803,-0.8201028824292642,-0.2914926359936835
308,blue,-1.6561012095956151,-0.6724669891691126,1.203601507876246
309,chartreuse,-1.2878447842896115,-1.2568275359530414,0.6314694459061836
310,red,-1.4109917727746444,-3.7239211961468692,-0.1334602885958116
311,red,-0.34721212360888465,-2.7830833899308516,0.33232169829677666
312,white,2.7971499673107916,-4.353918080238779,-1.7826564386125243
313,red,0.4759374743656517,-0.902608092923403,-1.4819244297493899
314,chartreuse,-1.371237087996018,4.469742891830681,-3.3232576184771165
315,white,-0.046139193247258126,-1.6938231123747851,0.8627536901170965
316,blue,-0.2616249081457593,0.2805650919703486,-0.14819838442911082
317,red,1.396689370878266,-1.1397219795754816,-2.5149507204064716
318,red,-0.7224551262151577,-0.7513582878567759,-0.680292910648865
319,chartreuse,-0.16760127425971172,-0.052426235655977926,0.7530288516296175
320,red,-1.0535096778117707,-0.1158277306405725,0.7777420506224895
321,blue,0.16061145206136995,1.4932292048797828,1.940915189659891
322,red,-1.2277745467416958,-0.28339625200466473,-0.884447702817924
323,red,-1.1346256866493905,-0.005074595163511053,0.7419418385590619
324,red,-0.4643805336978405,-0.14246374775595028,0.8900442090531984
325,red,1.419656745480421,-0.13108765884753137,0.7596067776552804
326,chartreuse,0.47726152905624547,2.7115742288594635,0.6032032640424427
327,blue,-0.1880338747129816,0.8561768243269585,1.194682558757656
328,blue,-0.5011838865797531,0.5189626221580885,-1.2984604703844376
329,blue,-0.25097287495097287,1.773616205032089,0.7229259019882415
330,blue,-1.7623894413919836,2.2849426287957,-1.0219701112761561
331,red,0.24054717308663498,0.43662222687388863,1.1226009856851618
332,white,1.1531293381092522,-0.4780488853978514,1.0341062464180615
333,chartreuse,1.0489341958285172,-0.33955446538360534,0.9757253296177144
334,red,-1.5537393106789466,-0.4067081387638551,-0.0780463849728723
335,white,0.8438336550201808,-1.1295533291315687,-0.7218478241084147
336,white,-0.19132487392806863,0.11311646940304321,-0.020230458149760322
337,white,0.3318870995969513,-1.2311982902841951,1.0046302636455589
338,red,1.6710034152944135,-1.625209650902399,-2.245247597626223
339,red,-0.35087715110733386,-1.262288687239033,0.6376848256393256
340,red,-0.7954452494276075,1.6707829021278509,1.1973955505908693
341,red,0.08089390546915376,-2.107466529814646,0.5965438219108727
342,blue,-1.4377592830366344,-0.29139069584393695,0.6667592932260173
343,white,0.23637703284424483,-1.0912855526467962,0.4840021623023918
344,red,-1.0002481541532406,-0.41991474990917743,0.7073095047401429
345,blue,0.8785489922265575,-1.1847269521342707,0.8601817469870827
346,chartreuse,1.4165502599408026,1.2425622742071383,0.7293077190992919
347,red,-0.8714035377308659,-1.9756000786584413,0.3871029949726133
348,blue,0.15151918483507976,2.1135184250710783,0.14994117322291967
349,blue,-0.8280128810409981,0.8123297512720256,-1.2367250854071639
350,blue,-1.9108560442166513,-0.0800744654365011,2.063391546106515
351,red,-0.5354837412886924,-1.9897464515548693,0.47001772739959036
352,white,0.6381124762908412,-0.8085610394033003,-0.6054262662166624
353,white,1.4779672217265896,0.04984366308828991,0.19322809433516275
354,chartreuse,0.00728449329350922,2.269511178251296,-0.9894982561328731
355,red,0.9959117724431596,-0.8772436040590226,-2.1879749446120367
356,red,-0.2840805813259748,0.8836305632238783,1.134415811463976
357,red,0.6577777352942131,-1.121670563286128,-1.589322818529217
358,blue,-3.887532017309833,-2.3325690995168777,3.7136789160885657
359,white,1.5704765747120586,-0.9424255517173721,-1.5086394911084193
360,blue,1.20262189452298,-2.479229665899199,0.9020585819445259
361,white,0.5121813308581133,-0.9207874401914953,0.9054299111706384
362,red,-0.1581489668869529,2.344969699886443,-1.4844097996112908
363,red,0.2731335329878981,-1.471732268972083,-1.0631445315602495
364,red,-0.49966544772078064,-1.0643249371335715,-0.4222466543272614
365,chartreuse,0.568703181312094,1.7773111784803044,-1.9198683889785935
366,blue,-0.37606908627807134,0.9675758106395596,-0.02195641523269143
367,white,-0.30957367413168857,-0.18834205550575533,0.1860075720880623
368,red,-0.36753681747926004,-0.35112164447563765,0.849028274374035
369,chartreuse,0.5376135815155076,0.9834727240344723,-2.5085300440393032
370,white,2.298520308900339,-1.8518503365236914,-1.9870600475634534
371,blue,-0.7420326760593617,0.32299612611373096,-1.549215422101577
372,chartreuse,-0.24208398439552686,-0.5143942300621984,0.825474040784152
373,red,1.1253950249732125,-0.5173112562674719,-2.9847769327378266
374,white,0.6609555817795636,-1.0525575428584695,-0.5410447078603442
375,red,-2.0587423933579343,-0.46753646191620035,0.3644784163576238
376,red,-0.10418114693392078,-0.7290884684745208,0.822249308637137
377,red,-1.4874523056244706,-0.2824439568557396,0.6061953443883543
378,red,-1.2837859370396163,-3.0434950258833355,0.06974646703994547
379,white,1.836697796739586,0.9781750997191405,-0.19456583699162389
380,white,0.5674220996822937,-0.762563763943301,-0.5545347986246996
381,red,-0.8972404601763904,0.5225843534283865,-2.072825264068729
382,chartreuse,1.0372902486212359,0.614021762384137,0.3989325371603498
383,red,0.024574900382015485,-1.5059320590746135,0.6837486143208011
384,white,1.991837079121244,0.7533913407327943,0.4568596054000391
385,blue,-1.0511353772190581,-1.445751980636793,0.5299924058165937
386,blue,-1.0425147161713686,0.706797785859706,0.5238451996314882
387,chartreuse,1.0461389183746421,-0.1989139810411391,-0.6265800490286044
388,chartreuse,0.736928542495876,0.6693343265778379,0.7002951736743881
389,red,-0.06716040175187832,-1.4310551102575158,0.6745416455158096
390,white,0.2881175509096925,-1.8421309627907116,0.049040350292049784
391,blue,0.22103384733703646,2.032298277540278,-0.20907145180754305
392,white,2.053554784271336,1.8877446779601146,-1.3206256954918951
393,white,1.6002812869244567,0.12119931456853772,0.8198067978668981
394,chartreuse,0.6956349430339628,-0.06699938999454735,-2.915554707884281
395,blue,-1.6128728277752915,1.672070772497482,-3.0219215398589965
396,blue,1.5556068270923096,4.413488998115027,1.308865658970415
397,red,-1.2636508673252027,0.34843520574595016,0.8754809256841705
398,white,1.1181223231915545,0.10298328558967451,0.10092541995958915
399,white,-0.5987406931592976,-1.52467730169427,0.2745636754046526
400,blue,-0.6589052130642437,1.4265730285762839,2.602406757340061
401,white,2.507104183654887,-1.97681594815909,-2.1847412587584403
402,white,1.978341471711644,1.1004617876659246,-0.18303411120007462
403,blue,-1.8836696073572299,-0.6256386562636143,2.0774983104172824
404,red,-0.7914536858661533,0.3686134670787089,0.8662366518306914
405,white,0.8757369482250589,-0.9533519386526402,-0.7919448015496017
406,red,-0.9343915734862265,-1.6718706358324589,0.4462783701416791
407,red,-0.9658245843517869,-0.8952214258592618,0.5986046771366773
408,red,-2.786931371789712,1.150382989967308,-1.2021039959826934
409,blue,-1.4503534515852283,2.0150489272281273,-1.3676084928707026
410,white,0.6349074048145279,-0.6217477836394715,0.8159165748068926
411,white,2.043424511795755,-1.490205696125446,-1.8388317736389626
412,red,-0.968513571390061,-0.8195291531458282,-0.1920184808193537
413,red,0.30855447425575533,-0.8493389071496873,-1.4617038366502382
414,blue,-1.2323167302832163,0.8272343374138462,1.211213096956807
415,red,-1.1506492596297528,0.9477045542171509,0.9548721482720053
416,white,2.073615568255012,0.9502302752105702,0.3395279799009704
417,white,-0.3574912144570104,-2.138325156357623,1.5374348376114795
418,red,2.5002730425724398,-2.159373842071014,-2.10819829628643
419,red,-0.6852989070729161,-0.268460868039892,0.9625325903741455
420,white,1.5390918156919902,0.06521275352316436,0.6421289549646408
421,red,-0.5937267406743265,-0.007172529662110905,0.8366240956175116
422,blue,-1.8995604137834958,-0.43645877606224315,1.8361558607261872
423,red,-1.0430094638095644,0.0894171448178237,-1.3026404485787542
424,chartreuse,0.9020609712911569,1.931530520483034,1.8024609942475103
425,red,-0.7224918535973999,-1.1948016824904437,0.5873527903341953
426,red,0.8547454194728381,-1.0433691582731557,-1.835680396650083
427,chartreuse,-0.08599528190626071,1.732186244157344,-1.332035295130789
428,red,-0.6110487777603619,-2.034237200253454,0.4256689689699363
429,red,-0.878240436156628,-0.31893113253021155,0.7392862812154175
430,red,-2.3103020723080743,0.931950655679709,-1.3388331084086178
431,white,2.6627244342491103,-0.43431523852057335,-2.7910712816398116
432,red,-1.3802993316365932,0.48212074132189464,0.8246809387633306
433,red,-0.5437189662480149,-1.3664827663208223,-0.052703119292080935
434,white,-0.09493001308235993,-1.9018286980020245,0.9179098235664083
435,chartreuse,2.274044980613809,1.556698149883489,-0.029691528150324387
436,white,0.987045092484257,-0.08623445479025571,0.7939445016636824
437,red,1.558688035889179,-0.35239508494338706,1.9581120399282588
438,white,1.9895842323702946,1.3639849828855632,-1.0955570306226619
439,red,-1.0898769686227667,-2.2625994645033156,0.2961096482121579
440,red,-0.6008580028644397,0.21087331338289228,0.9264232794338304
441,blue,-1.1208521737405643,-1.0629423904348558,-1.0878279847434191
442,white,1.5352917672912036,-0.954413386605871,-1.4848155463889334
443,red,-1.588817374776192,-3.0798271885644057,-0.029703799936822484
444,white,-0.17119161596352428,-0.2952225315380578,0.0774982099098569
445,blue,-0.5160349478112493,1.6621662574605984,0.4871413557779737
446,red,-0.8915876352731793,0.20951120461311656,0.8114993337759728
447,red,-1.4713214456334271,0.5732784256151571,0.7940752713427629
448,red,-0.41565308485502883,-2.109296597490367,0.44931984251444246
449,blue,0.41331648246786057,1.9296462115219681,0.8406416658372831
450,blue,-0.8032559193229335,1.921132714321429,1.2447902848002546
451,white,-1.211138079522212,-0.0655718613761459,1.054665509558545
452,red,-0.5095739160129852,-0.980742636976434,-0.5802243604227871
453,red,-0.8055338304155286,-2.8051776084717037,0.2435396238755425
454,blue,0.9643889567764685,-1.4404330126028202,-0.7424658495995176
455,red,-0.2616874833302758,-0.8140376409283759,-1.0623599151653067
456,white,-0.4617831830402377,-2.187342871191397,1.1209417537941149
457,red,0.18597860656334575,-1.1346533027227994,-1.0918263875612113
458,red,-2.1906738932480936,0.8726754981493305,-1.288223716332257
459,chartreuse,0.7408874788910479,0.20107160058241752,-1.213123173741647
460,red,-1.0577113478951579,-0.9816544282493409,0.5483025242959868
461,white,0.7139806502902584,-1.1049336259324476,1.6794599180891403
462,red,-1.7664068871311884,-0.7578316981142195,0.5290408748985485
463,red,-0.1459237361155432,-0.5896477714004821,-1.2585777111929815
464,red,-0.37789753451779173,0.9560318326082249,1.115146853871381
465,blue,-2.327579246918486,3.3841395365733735,-1.4269884879559704
466,white,1.7450552393893992,-3.2115630740612007,-1.0384149232653936
467,chartreuse,-0.5895282000087688,-0.020407997162991576,-1.875212807300246
468,red,-0.7992238566352099,-2.090418944972319,1.0232509015441924
469,red,-0.4486856131614683,-0.6802835999118935,0.7601743534400571
470,blue,1.5371871677311753,-2.549446380200645,0.4464438813338507
471,blue,0.5952073820189416,-1.1394180080003706,-0.21997518701253582
472,white,0.30702112747595345,-1.1192582406628668,0.2803750820317097
473,white,2.743902883294023,1.8922658276330842,-0.029478695684212908
474,blue,-1.5265666876470383,0.032439276792934124,1.8115485435226473
475,red,-2.039105471869904,0.2393106115453073,0.6128111952990795
476,white,0.07510267844079122,-0.345631159111946,-0.18575166287128375
477,red,-1.4979892184173265,-1.394046922719081,1.248018102363641
478,red,-0.4137229468769805,-0.3189308037119782,0.833121616179696
479,red,-0.9778673839723355,0.21950024358942133,0.8415188373826502
480,red,-0.7577331380530926,0.26546541470013696,0.8953421758055707
481,red,0.6901127545372872,-0.7209422846074454,-2.021855111034191
482,red,0.41213040466208883,-0.8780287924556579,-1.7256915981792582
483,red,-1.1359012708350127,-2.0863303124943426,1.7112882119948447
484,blue,0.21017370334619734,-1.275416549194892,0.7920998839468895
485,white,1.9128369067643247,-0.7718675502170959,-1.9263662165082338
486,red,-0.436124206909539,0.3992361223645846,0.9789650054285723
487,blue,-1.6238557450319409,-0.2143752720016564,0.865724275382576
488,red,-0.42527419991205395,-0.6102662959764178,-1.1125570086217227
489,red,1.291052672435747,-1.5426784560269158,-1.7979736067805463
490,white,-0.45827625174298925,-0.7580619734433243,0.5026405041535349
491,chartreuse,0.48119649367233847,0.6109776009892935,0.7642840775541213
492,red,-1.7801057602834012,-0.26818128079169734,0.5961551765901036
493,red,-0.5369643396680337,1.0410818285689594,1.1230174208710582
494,white,2.3713639633426764,-0.777856447796194,-2.3741160997641
495,white,0.4155563807003746,-2.4643865483165235,2.6523004228431626
496,blue,-1.8307808016893066,1.6434802528956023,-1.677924555888727
497,red,-0.532031335712766,-1.9582455069248212,0.7639947385756976
498,red,-0.5638260500385253,-1.016161889141131,-0.4038402632941334
499,red,-0.4227875070808731,-1.128826788953591,0.6781098374671611
500,red,-0.7038695662662253,-1.345338502507925,0.2628951011026943
501,white,1.950757078960829,-3.3919849329269995,-1.1829278575682092
502,chartreuse,-0.30378119289456307,-0.09560091579543961,0.900050292643739
503,white,-0.14834174213078244,0.3795239970593436,-0.14868329143740922
504,red,-1.6238060228685667,1.0822992525958919,0.8735482488761608
505,blue,0.33838144045542573,-0.5151444819472248,-0.06019197140709276
506,blue,0.11767431675300322,-0.7688403363548375,-0.7845245734119928
507,white,0.3585225944786006,-0.8158805632824415,0.8751633949073168
508,red,0.48118176826110814,-2.3511552223298278,0.5827085683711757
509,red,-0.7480647535412148,-1.7603580479791676,0.46179430900791535
510,red,-0.4167331432624868,-2.4890539152415796,0.33947661740663115
511,red,-0.4058947089433835,-1.3400186193402175,0.633814274419358
512,red,-0.4632324169879689,1.4113878758405927,1.1885367092749937
513,red,0.2544262395752358,0.3300933790731424,1.1300453502886543
514,white,1.9595998178130107,-1.4159223529772538,-1.784389421765049
515,chartreuse,0.3401269515164058,0.4252909590655402,0.7943928908208254
516,red,-0.993381981345272,-1.3393021014021906,0.5955098122323121
517,white,0.14642192045561275,-1.3374615307028077,1.0435855115916164
518,red,0.2528347551050105,-1.5136633035553184,0.7605419717686351
519,white,1.5687386631873728,-1.8615680879354257,-1.2404012769871162
520,red,-1.727198943044435,0.11156640047489697,-1.012491062194843
521,blue,-1.8362606579570708,2.0274793472020844,-2.044382682917475
522,blue,-0.005456529354820772,1.1805636239649993,-1.111641184756387
523,white,0.2762175015295132,-1.8638777896934273,0.05997682025211559
524,white,1.1323323101550513,-0.5187667340564608,1.3247729688447343
525,chartreuse,1.378633702213121,-0.2530472421446447,-1.4317308395731847
526,chartreuse,0.1463702219756685,2.131996028436346,-0.8503408915738124
527,blue,1.7179815673313927,3.219873793610092,-0.8451332852756066
528,blue,-1.7643056211205637,1.671187026397,-0.7477669140250808
529,red,-0.7662747615315473,-0.863067605589015,-0.2939016671068626
530,red,-2.7354215367590253,1.1953767458927287,-1.056979566882482
531,white,0.8653496671300613,-1.3919528436551336,-0.6780965566426751
532,blue,0.9934739947737012,-2.0063574394562127,-0.6142968619216124
533,blue,-1.1592126989607139,0.1476817778055477,1.5163085917088264
534,red,-0.295056241731571,-2.085223883892893,0.511348291275027
535,red,1.2003091159705441,-2.319931068129497,-0.6010147102352394
536,red,-0.21567579596741382,-0.3529664553234015,-1.910349599630288
537,blue,-2.0259572549629503,2.256610202811047,-1.1674203638456948
538,blue,2.9670169564961455,-2.448748421096579,-2.49507463751852
539,white,1.1319925134582396,0.1761499882888572,0.34455479771429426
540,red,-0.7176243269454166,-0.668060007214228,0.7065858406674186
541,red,-0.7341951575677322,-1.319414634202683,-0.015197943256133772
542,red,-1.625947561965122,-3.985469433366956,-0.18016076321295438
543,white,1.419003865077537,0.39581104782808674,0.22591137839739817
544,blue,-0.9642022998797728,0.8454027381826507,-1.4489395657130204
545,blue,-0.46658558343805967,0.5284511970972604,-0.6120029741360733
546,blue,-0.8434982631005565,0.19382205452283474,0.17368000543619555
547,blue,-1.4806043714923738,1.9747027285477938,-0.5404988427387524
548,red,-1.7202093444304585,-0.3576267833264759,0.06129233799703815
549,white,0.7260930483448104,-0.6545659772206472,-0.7466636705751517
550,chartreuse,0.9731418583166428,-0.9668364944104533,0.19750298090277474
551,white,1.8973903522496538,0.22901582904328543,1.1333002838691744
552,blue,-0.8699160953051065,1.0993563890046358,-2.2322767509963195
553,chartreuse,0.496348085563629,0.9169109848888242,1.0839709857892605
554,chartreuse,-0.47558150474137817,0.012048328068183456,-1.2706251191371758
555,white,0.4063661083886207,-0.846170475091968,0.6605278258431808
556,red,-0.4098300460778789,-2.59117449925118,0.3281117031860471
557,red,-1.299094539301784,-0.891782109353309,-0.04533741584551765
558,white,0.3550709711569196,-0.8394937783697871,-0.3196564064427438
559,blue,-1.3616543513658006,-0.3334129633148877,1.1825851656169735
560,blue,-0.5971627773838236,0.6121941821334975,-0.5678314044650241
561,red,-1.9801309283771562,0.6722816178328856,-0.957469354225138
562,chartreuse,-2.284670302425563,0.8382970785721966,-0.923809366043048
563,white,0.5605651082893459,-1.5666195394177753,1.095143044098629
564,white,0.23636243319473493,-1.7166299979873476,1.4879061402609919
565,chartreuse,-0.3314960330420229,0.8394449804629396,1.0951938940003247
566,white,-0.5481913144305084,0.14091504062055904,0.3081447107775479
567,blue,0.08170735865050016,1.9467777774116517,-0.0022245461807809397
568,chartreuse,2.5348790634839284,2.5526535127396563,1.1372621788650843
569,blue,-0.719728961893112,0.8301164459094788,-0.3982645983427406
570,blue,-0.5632038051294593,-0.013820412881125232,0.2649488124568192
571,chartreuse,1.230647310569637,2.180120462294944,2.040039079244524
572,blue,-0.5964166399999611,0.5149963418249752,-0.23497855922974148
573,blue,-0.23370057570036962,0.6207184044143534,0.13180590082171206
574,white,-0.6358899354260055,-2.226833443473355,0.23971783917959572
575,red,1.3738503497590833,-3.269453667964341,0.9527748198298098
576,chartreuse,1.6744427034404963,1.9883002173569226,1.4775247977711436
577,white,-0.2793365229090517,0.3023779414731693,0.9915345786225076
578,white,2.156442032232861,-1.0942881484700089,-2.065810431630589
579,chartreuse,1.9219001690000383,2.7627415101038055,1.942126428366939
580,white,1.9820950575407335,-0.26967293136951137,1.535129179215216
581,red,0.9077017581485072,-1.9451208867804461,-0.824015692875003
582,red,-0.9042687898417682,0.13453748442001423,-1.6603723425399757
583,red,0.36194137448977526,-0.03897425960304901,1.03967361556296
584,red,-0.8569258009931207,1.3841868375806345,1.122609455211528
585,blue,-0.5837474124807689,0.7801813576016577,-1.1146596942844265
586,red,-1.1743659771041548,-0.8208294970102962,-0.07314662772321812
587,red,-1.198980838809676,0.5463785280764906,-1.9778698188680244
588,red,-0.7428447377229702,-1.919682831797077,0.4424870359306006
589,red,-2.164902918954647,0.5249376691640577,-0.8694864178366402
590,blue,-1.0675177735635164,1.5600683786267453,-0.17552460737447784
591,blue,0.7505236904742671,2.6531655378346573,1.2382712808890413
592,blue,0.873227214136415,-0.9403015082630997,-0.4305652900638613
593,white,0.6024293327738598,-0.7575468467537996,0.9305903327082274
594,red,-1.3567301949196044,-0.27965039532184327,-0.2961963966931415
595,red,-0.37484836094830193,-2.4081707459875084,0.3785699870617989
596,blue,-0.7924600502272866,0.46604962353704293,-0.7504619542221451
597,white,-0.11858355738774251,-0.023038913003940786,-0.07092319694199056
598,blue,-0.4122210231767771,0.7668257841223168,-1.7080115330454853
599,white,-0.30515946403830085,-1.6570917839908235,0.7184603202251907
600,blue,-0.7631477875921493,1.3225270840031933,-0.6425833476462364
601,white,1.759664062212526,0.7891607500223443,-0.18157968116815548
602,red,-0.9817598767992859,-1.616909404645721,0.8325294872731679
603,red,-0.9107619416887208,-3.4090515824283925,0.03921149345758368
604,white,-0.2917490619102776,-1.6605980291567801,0.36844436532979946
605,white,0.06818544308398566,2.0366293406750735,0.928445853841855
606,red,-0.37507797639688134,1.296322783067175,1.2015986046216018
607,red,-0.5715217088396557,-0.7773814857567152,0.6973571677293333
608,red,-1.0062972083998531,-0.2431801274691519,0.7110581172779399
609,red,-1.762970515717887,-0.021828054985289613,-0.48546429574133937
610,blue,-2.2397365067096846,-1.5169193059756554,0.7221334561927212
611,red,-0.5748454268635392,-1.1967290304081661,0.6166441549214519
612,blue,-0.9693626375816847,0.8860623855622268,2.8613849290439246
613,red,-0.15205501072507432,-0.2937778918254625,0.9044019581141647
614,red,-1.0090078086853742,-0.12950766823188709,0.770737817756005
615,chartreuse,1.236274007661665,0.9542934342565396,0.2745617965550366
616,blue,0.32044174328996555,-0.8239418846863464,0.7426156287776287
617,white,1.7790708525735703,0.26177641710979793,0.3392281940346942
618,white,0.0015764722680954302,0.897924972348404,-0.4662173988820181
619,red,-1.0158248539949455,-0.008443447657120684,0.783584601211263
620,chartreuse,1.1520610090464198,0.837870787634252,-0.30428777041395494
621,chartreuse,1.631924005277299,0.6218194559722078,-0.7184622101076448
622,red,-1.0326198233527462,-3.379347440682193,0.05078220348642237
623,blue,0.284490557923896,-0.6658773364299168,0.9315228561606141
624,white,-0.534713923498743,-2.161491621423198,1.0773662943472988
625,white,2.560965360702326,-2.8674141558110886,-1.9635647534402298
626,red,-1.0524259306796897,1.6301030747507796,1.1491931448375488
627,white,1.565789280474806,0.057845202479193114,0.743682633246197
628,chartreuse,1.2877394044331596,2.2603321733383086,2.0800848870464135
629,white,-0.11086504617691761,0.0996550925753441,-0.09080630427898184
630,red,-0.8116144695202315,-2.421188504911085,0.33168673570425855
631,red,-0.7165599152604909,0.623522282232607,0.9750311863309922
632,white,1.5766388175230857,-2.5074815772231642,-1.0584713387762308
633,white,1.5706388664834212,0.530730241924958,0.7166826771291271
634,red,0.31240731231218,-1.6330752741472403,0.7181834599889437
635,blue,-1.0236266508482386,0.6954834705652859,1.4474379418156962
636,red,-0.3690655924829737,1.6091016733101695,1.2789066966057696
637,red,0.3896016038745227,0.4671717370391122,1.1819226473095827
638,red,-0.5646372366994693,-1.270560892469478,-0.11089583435177597
639,white,1.5944443765381442,-0.9474759262358528,-1.5296281850872755
640,white,-0.8070101094028822,-0.5843677097982853,0.6876477174642958
641,white,2.363079827364788,0.2623479872762198,-2.6782938836658845
642,white,1.3465978476357954,-0.11709919954416248,0.7273899638493041
643,blue,0.7486836813450026,3.458714487887476,0.41727457453523165
644,chartreuse,2.1382201703307144,2.2791804718318396,0.9627555851103082
645,blue,1.1443137591192,-2.1511593270213325,1.4907422822349432
646,red,-0.2860854640121747,-1.4454285819058192,-0.07649813039290876
647,red,0.20172001509848303,2.1779471025062414,1.5457728278004563
648,white,-0.6048207346931684,0.41621265801317264,0.29065997542682254
649,red,1.0625205768350354,-1.7555954891403276,-1.1863709857039397
650,blue,-1.582516773816244,0.9063323996432342,-2.2300011552692682
651,blue,-0.9273668682486698,1.3983711792907116,0.9682625005104968
652,white,1.5924596132889386,-0.08586343125542473,1.3769483840233083
653,white,0.98937303697164,-0.5091671448477684,0.7804198732337744
654,blue,-0.8110057457649877,0.8054015702341014,-0.9034362928174722
655,white,0.6481571428007005,-1.2586674056374303,1.9077299819373672
656,white,2.036762328021134,1.1823508481883442,-0.7008703896221011
657,blue,-0.5782827760773797,1.1777746102622093,-1.557013045205725
658,chartreuse,-0.1301934086872757,-0.25519943276698065,0.3797401732548786
659,red,-2.903211669526371,1.1222464361688873,-1.0911991177442948
660,white,1.4725943964094967,0.49397197581022634,0.6340886830382356
661,red,1.0032094067785617,-1.2079977658868835,-1.9589920780261436
662,blue,-1.656579976343585,-1.1741078727438383,0.5509297425422333
663,chartreuse,0.028201053136318377,2.4658726308374073,-0.1880171719209831
664,red,-0.8430227025273376,0.07130898403996389,-1.5483759346169457
665,blue,-0.7618825667482128,0.8310835452043972,0.43885073448397355
666,red,-3.3909642554176083,0.1358248902368967,0.980077288768805
667,white,-1.3256664372009317,0.6347293270569914,0.9912672020655808
668,chartreuse,-0.2626393747984084,2.410014439527933,-3.4813775841052887
669,red,-3.2625397799203766,1.5434357512062362,-0.7435968057922941
670,blue,-1.3733955472121675,-0.21735113195179134,0.7436236816247015
671,red,-0.7748713085363303,-0.7729689887965633,-0.589816036541851
672,blue,-0.5511905657912759,0.15393367435927818,-1.8204403535906202
673,red,-0.07518088206654472,-2.698001306922537,1.1882909456943282
674,blue,-1.689531632401815,2.0219393214669807,-1.4560503916740473
675,white,1.100234093321991,0.14167983500533754,-0.12755251355102648
676,red,-0.5785658868995136,-1.9038003763550733,0.46501625326886553
677,white,1.6034735378559177,0.3225413786176665,0.3075408820553951
678,red,-0.7320164840540145,-0.1504857551769424,-1.5846606607178582
679,blue,-0.9322786055893484,0.3237267353861273,-0.9487095483206821
680,red,0.1954968086110621,-1.0606123153577534,-1.2125287814636203
681,white,1.0508749786475904,-0.43064849482175577,1.2043118034868612
682,blue,-0.39668018947521616,0.4697289440250091,-0.4671896515414486
683,white,-0.246395513434311,-1.4394265590620015,0.8712596923523591
684,white,1.5733178996264854,-2.1699363610636824,-1.1613918424819532
685,chartreuse,0.9697930778282818,1.5466907258219929,0.7228847985566504
686,chartreuse,-0.42314880394104515,-0.7403917086025134,0.1803722260629167
687,blue,2.043206370442755,1.9852847126641122,0.6774366847788348
688,red,-0.34168186389242283,-1.3861634046975069,-0.09809904259880653
689,white,-0.09863690833992533,-0.5059223020962103,0.055149542810053354
690,white,1.545989872259446,-0.1647923113044667,1.3306886361743624
691,red,-0.014519680592393502,-0.8595574226540195,-1.1250081444656312
692,blue,-0.8561004733635178,1.043850590721665,-0.6086202291630629
693,red,1.0968126360414827,-1.184996550621283,-1.898486977863566
694,white,-1.194298873166408,-0.3375447068955,0.6724827050564759
695,red,-0.4278080887159619,-0.24946343331339588,-1.4442762445798485
696,red,0.24347202914366683,-1.4945665028139643,-0.645492950627645
697,white,1.129082901354003,-1.4185062525185996,-0.9106168987647132
698,white,0.1580058550401311,-1.4668495311496645,0.06579466684481061
699,white,0.7900554353268224,-0.4163861163962473,0.34966561193212636
700,white,1.4953897619538312,-0.02351389223495204,0.5115515875214616
701,red,-1.2170555749337322,-3.0255152920480937,0.10439176516514548
702,red,-1.6055253835912437,-0.7491567129751938,0.19449537962396135
703,red,-2.324217584088629,0.33193437576305995,-0.284653530023349
704,white,0.9334159316983608,-0.21059295143904133,0.7885888585269079
705,red,-0.7113682879997252,-1.1371381419019708,0.5933719387718798
706,white,0.9911363797719299,-1.8226638629357539,-0.6769290904066191
707,red,1.404460418484039,-1.6154329843626065,-1.5455739926464265
708,blue,-0.07536190556712397,0.8435171623957544,-0.007843480698016658
709,red,-1.3307620920168026,-1.4596262118136343,0.38126468223506804
710,white,0.8974804328566126,-1.9480642903897825,-0.5284187995170219
711,red,0.808282121972506,-0.9622102115952516,-1.9932247786855664
712,red,1.019394212726233,-2.4205275025049637,-0.03200728062353919
713,red,-0.6851035035297766,0.2406679916452954,-1.9619486608896668
714,red,0.2542115626554664,-1.1867187182518735,0.7632875751916349
715,red,-1.464119685511926,-0.32136266597220814,-0.4504205514044838
716,white,-2.634221833504081,0.897863301503671,2.2491037120111175
717,blue,0.11167549214556494,-1.2999815742657612,-0.4923787157793288
718,white,0.7694596752358085,-0.05340842207999319,-0.9573720533985735
719,white,0.17170857973259124,-1.156769794555469,0.366501197559349
720,white,1.265016277207489,-0.63494908712162,-1.293428437599582
721,red,-0.9637747547691329,-0.542827885464779,0.6479392044650307
722,blue,-0.9029991671308033,1.0317045454199152,-0.5875041722103336
723,blue,0.5535696520554609,-0.6530529305839694,0.5865699021285029
724,blue,-0.9474470577701759,0.446079185902141,-1.3229570918981925
725,red,-1.2345683779854,0.0050593802791466524,-1.0609623505513852
726,red,-0.8543697590520187,1.545885528234045,1.151930881035219
727,red,-1.62999391993198,-0.12319331461053529,-0.5006265590950403
728,white,0.4076601731587063,-0.9066122668530636,0.24040361324060933
729,red,-0.3400342179266304,0.17280151459285487,0.9712503837624831
730,blue,-1.5799820426973423,0.04280343428876865,0.8875429291804016
731,white,-0.10522267880790803,-0.535500099434981,-0.09125669743111886
732,red,-0.19174498046106292,1.792312471152669,1.3299840166448
733,white,2.535968537074134,-1.9469149168176163,-2.209602468358625
734,chartreuse,-2.3946026014659836,3.2833329362040065,-3.062510581098957
735,white,0.5801696841959232,-0.7651662493996022,0.8492266537547412
736,blue,-1.0402638251097152,0.8256041902174384,0.582164770046075
737,white,0.8158270836776589,-0.41693214962412173,0.4720265093111513
738,white,0.34629568861969906,-0.5460915752857562,-0.38518666324954925
739,blue,0.029941616812048988,2.629312155561178,1.224033554091811
740,white,0.5033887595397114,-0.44979200946085107,0.8201595872388543
741,red,-2.0655548752547377,0.4087851092657606,-1.0933586574035186
742,red,0.09562235915618644,1.646350525559759,1.3829663487036425
743,blue,0.05696683870401198,0.7938800877136547,-3.58702688062683
744,red,-0.7289232200454248,-1.7651792981896623,0.7479384967840688
745,red,-0.11687368662542463,-3.5002916953671495,0.22659395069480864
746,white,0.9167011452165595,-0.15299434908597342,-0.13362847657537136
747,white,0.14853403429561596,-1.6649063259654053,-0.4493690163619343
748,white,0.3363761677648289,-0.5079103247077765,-0.3891313822673462
749,white,0.9151211443397257,-1.6500509374950183,-0.6413665441616679
