,xcoord,ycoord,zcoord
0,-0.42017718328544634,-0.40370137472611145,-1.3677327389699065
1,-1.5523173175752984,1.8518244614016854,-0.43099124652092485
2,-0.5546519283618776,0.13821670609784964,-0.18597067613600882
3,-0.43122355287209974,0.007766703962364896,0.8991171699335376
4,0.549925913772641,-1.0303838608867752,0.7995810788888561
5,1.2085558484641101,-0.9040981224812253,-1.174351199081432
6,-1.5369429621083768,1.9272787839900527,-1.7527017353442422
7,1.1492629419991958,-1.3671301322959104,-1.8820089350597633
8,-1.3957415388569243,-0.5349824281653306,0.5991774389574822
9,-1.1236062769727149,-1.5235021673109743,0.08795960989341245
10,0.8650504180670815,-0.47033374514688286,0.09258055860535397
11,-0.805865447425304,1.2799715159966853,-0.3402697026795628
12,-1.2284333131962915,-2.1353334624450726,0.29738539763360267
13,1.8715964203987863,-2.340609187525719,0.601014081055586
14,-0.5873674123313075,0.5269234858683335,-0.5429978187807801
15,-1.5548794263170145,-0.48750118507195894,-0.13837304086810953
16,1.457479203947081,0.33559558594561945,0.09024375277267616
17,-0.22127339061847717,-0.77993559775514,0.287195571532573
18,-2.053023451265637,-0.1339003529922982,-0.1751632839217293
19,1.2833864846262013,-0.8147254627292808,2.178715779912815
20,-0.7420902868427384,-2.8504383414534793,1.9372012683763133
21,0.6305826114831345,-2.130093937265353,-0.017511416000174695
22,0.3304959470876551,-0.8058718423445961,0.7763857781112222
23,0.3736032744936687,0.38019786397923094,-0.6863014736568164
24,-0.7398348047297381,1.1510227160734914,1.559257792949385
25,-1.8073013431629839,-1.5427363704419128,0.2576685937968561
26,-0.28332683018763294,-0.7320899346258897,0.7823038039094912
27,1.148888775783537,0.19747528503049283,-0.35065141707345937
28,-1.5979224795787492,-3.2515997496509277,-0.020950467929251815
29,1.5008621979776187,-0.0663366402036959,0.9014979496448443
30,-1.3080861180873486,1.0081737685904784,-0.11654257988832928
31,-1.1313355025523373,1.4218163154040495,1.0644534794262648
32,-0.7284058691594685,0.5124550274619832,0.14938015479093203
33,0.9152842606069813,-0.9786376848857171,-2.0159149324683385
34,-1.5535261662962485,-1.489899311574787,-0.47797254966711544
35,0.20108795532510754,-1.7291066599557325,1.3493754254930632
36,0.5001847307589578,1.3213844374927115,-0.3923639105226775
37,-1.3616419159567217,-1.1061251542984958,0.7328372362591171
38,-0.9045119114016135,-1.4544746589912756,0.5172953243571204
39,-0.6420429183246823,-2.0290994199035137,0.4061687936083424
40,-0.3288496757029809,-0.4974507654754534,-1.407309930033629
41,-0.7971442056851391,-0.6396403087100697,0.516873428625426
42,0.6344013522675247,-0.8741288631008073,0.7069500111807127
43,0.491741649502353,-1.158074378098131,0.8661922770197603
44,-0.7480573284862456,1.0641775595569358,1.2712002257563468
45,-0.1601564814594778,0.054584514534791406,0.4026338914666443
46,-1.7932462478700895,-2.837061998255474,-0.015234916449459845
47,-0.4205594881409649,1.6665708957268628,1.1138490074650624
48,-0.6731406135624105,-1.5210505115095354,0.5296453881447125
49,-2.1759341615724415,-0.37707169946976027,0.4939113699410098
50,2.68873054927235,-1.5246796192170757,-2.5055187283999887
51,0.08823132235767273,1.6296860312983852,0.28280832775091663
52,2.6413415100750917,3.3669522645964722,2.0208946450045486
53,-0.6460379471451122,-0.262285506702117,0.8099156665128938
54,-0.26843818960435384,0.10481592073209955,0.988951759276546
55,-0.37045313217725173,-2.3756858560221445,2.0940952508017294
56,0.3009749341482013,-0.7820823049471481,-0.4659480158502125
57,-0.2101891392430365,1.6054499373124707,1.6522198889638033
58,0.04395834486041417,-0.5786218397267235,-2.0309081655004912
59,0.20135046246413885,-0.7815839695285284,-0.15549401759404624
60,-0.9999673845220273,-2.2298833146155914,0.3222607880792347
61,0.9715049607016152,-0.5200062256794291,0.6127120708093717
62,-0.4499743222533566,-0.5533573236685319,0.7962833464183179
63,-0.316949850179726,-0.45298144635267124,0.856456575171277
64,-1.2642859841214307,-1.1666408601414506,0.5113410508750037
65,0.8500812573847447,1.324134760336722,-1.4008834218440556
66,-0.31644757945588764,-1.227703903491363,0.16905419678413092
67,-0.4843985690852226,1.340207341902229,1.2110286028789634
68,1.4320822464641445,0.45840184816351737,-0.8831092449823528
69,-1.247948777128976,-1.5985173179843741,0.3607050516182612
70,-3.8753680748980983,-2.7861564652385225,1.8087080198627379
71,1.6115550125661762,-0.7955280458775275,1.4810790507643885
72,0.5739007893652877,-1.8859918032747105,2.426472412794256
73,0.24662959300930248,-1.4933001091533777,0.7638457384157253
74,0.6265453729841362,-2.2154366759792428,0.2150632451651161
75,0.8314048324702344,-2.0382947993262444,-0.44051529722098903
76,-0.7213404614312784,0.3674560881854214,0.24596862774599842
77,-0.6086162037271041,-1.0895560461187697,0.619510618795872
78,-1.5779234689832964,-1.9750229840300495,0.2323082682899284
79,-1.0439535041035641,0.9567483244426431,0.6022794095602619
80,-2.1042915847321773,2.7797380597123142,-1.6412766752408114
81,0.6119376438884183,-0.8101780541910242,0.5209652587977773
82,0.29106354526596934,-1.1156974007735136,1.2177767619195552
83,-0.6883075145401369,-1.7510285447143834,0.7664573147664095
84,0.37950239324911084,-0.596203491644137,0.3793981626619565
85,-0.08277306307906795,2.9255069857516602,-1.6819791393389856
86,-0.7840891523535108,0.7123838716972726,0.9756781760635003
87,0.7069530520080911,-0.9362371692839814,-2.0016594499061946
88,1.742480644331892,-2.4355646662567603,0.9415834191684822
89,-1.1813039770001244,-0.16431703725142666,1.0797282556441061
90,-0.8894194239357216,0.6529230534038419,-1.0363047918542962
91,-0.25524614516997196,0.48205304445091357,0.1324754166334502
92,-0.8831918978982274,-2.4824551195585522,0.9656251594043115
93,0.13553851147481344,0.7085667013653062,1.4079066836178118
94,-0.8498396344061021,-1.7864172025736378,0.4481898606218128
95,-0.7135945513003785,1.7196448481142823,-0.4910878138718116
96,-0.5317634599460597,0.7211169186241573,-0.7583749776214506
97,0.536358362931211,-2.3160598818722575,0.6126473574484863
98,-1.620783694659938,0.3323733440937455,-1.1806710830971276
99,0.8786407543413508,0.20449787898823207,0.04965846039752042
100,0.09661992752195248,-1.2557720393041187,-1.1643846059563578
101,-0.127993018353581,-1.8041381500488363,0.16936008759505172
102,1.170524042506454,0.45207175324123483,-0.16320414414528306
103,-0.7840016648219903,0.772649120079633,0.9603952576342037
104,-1.6553128581965821,-0.38168264213629066,0.023022454678788717
105,-1.110394614320187,-1.1457153401301097,0.4696796761139501
106,-0.6333305846178013,-1.2231642228010144,0.5716622058690178
107,-2.252085287873884,-0.12354370129475212,0.056174690120316395
108,-0.312300847200659,-0.3282657689801546,0.21603651303612792
109,-0.7445234785273775,1.3137999654046504,0.21559045866723636
110,0.5615373347830446,-1.3753915710846105,1.3627250514977103
111,2.948812767951634,-0.7510831214830251,-3.0003664380298236
112,-0.16614515177485623,1.676367452355362,-1.51734242379667
113,-0.06794789399862045,1.2480498796651702,-2.520926286440628
114,-0.26484177709562984,0.43154670330162226,1.2663650018069377
115,1.4773711881942557,-1.168586929888472,-2.224525938061081
116,0.6275484736644397,-1.3098344257902463,1.3865106118864792
117,-1.2886521680385346,-0.7268535542860352,-0.0631342117786019
118,-1.1779127759931192,-2.322604476004022,0.24672648878436276
119,-1.0086898175665213,-1.1539451722676206,0.5630100031621
120,-2.1658313831674363,0.9491975066965548,1.7316199295849917
121,-1.513326918410776,2.2519729145114393,-1.7012339482574084
122,1.1246281227002841,0.042595015608419606,0.5699220643759642
123,1.6745128603096904,-0.7098458335136473,-3.3332525870238268
124,-0.1996913279541852,-1.0954575035728926,0.7118236173121718
125,-0.5590807076289923,-1.9676529652426715,0.4480111844212923
126,0.17825083613746306,-0.9028725140441338,1.3814623258863135
127,-1.033656517096357,-0.43313958562641475,0.6696534606711835
128,-0.6398314791788869,-0.021171577060865476,0.8850691619723983
129,-2.990074220085722,-1.5985496144654883,2.055452595431004
130,-3.4231035940832193,-0.1455224797361725,1.2520824727622633
131,-1.3603187336646088,-2.1101005267004904,0.26859077942300297
132,1.5211246007281751,-0.7552707694996722,-1.5209707077762817
133,-2.0071344835430205,-0.973380972786118,0.9490324338074521
134,-0.21598486748231605,-0.8842303321058368,0.7739337040392923
135,-0.5328569726886719,-0.9452711596136011,0.6709561138899501
136,-1.3014750563205886,-1.1173929380992838,0.5002761194546782
137,-0.9019275600739141,-0.5622937836179813,0.6959562358829801
138,-0.5712514825280615,0.5001582447919468,0.35906514634332065
139,-1.2445844069845267,1.2033713308872696,-1.1141782639681717
140,-0.3225347848749579,0.08301476101435612,-0.5592369659014507
141,-1.8963470942791947,-1.4220810391617043,-0.22939726556873796
142,-1.4929552313553056,-0.8480174315446989,-0.6267612442324273
143,-0.9605907907694266,2.058866037572302,-4.271334688215528
144,-1.755727475282464,2.185578267231268,-0.48074533197487945
145,-1.4530926153740003,-2.288134197517259,0.2100410412500005
146,-2.5567486946101985,3.66000304531923,-2.2239753681511765
147,-0.23439849808670044,-0.6220105081749703,0.8047868930914115
148,-0.39480596007964874,-0.21886616888374255,0.2778479642243531
149,-0.07686031651565528,0.0009467694512772518,0.9770496634118198
150,2.0919493740868056,-1.8746664932132684,-1.7756847182754474
151,-0.6940840695405703,-2.424470136540023,0.35531520572525577
152,-2.5871041252860225,1.8878394672904688,-2.2349896924251405
153,-0.4217955486234497,-1.9080044148530013,0.5035316180164562
154,-2.415202786029651,0.21654993974735204,-0.3201602101065121
155,0.4069988303212364,-1.3192528455131662,-1.1315156929008345
156,-0.07225600278507693,-0.6495372017082081,0.0846731089283187
157,0.7554369857904055,-1.3407190919639884,-1.5199399515144276
158,-2.192788207957374,0.13215574415481124,2.7970441782489814
159,-0.18923345499105348,-0.5159136509001134,0.04404898652099831
160,-1.5854924752308157,-0.3323814894506979,0.581826767875781
161,0.14212967478624616,-0.9412126867758981,-0.8137295461530487
162,-1.113025881496955,-0.15594029956906252,-1.0395861850618373
163,2.49056806748884,-2.4508468830015913,-2.029788263635892
164,-0.17923109561668205,-0.5235677918766144,-1.3482056863742127
165,-0.5931287045890217,0.700929141027768,0.21087845890684065
166,0.12900444981807424,0.5728294827843954,-0.0714248583229673
167,0.9304564347346633,-1.6814863845077623,-0.6292185790566234
168,-3.030807645671901,-0.3391330212740795,1.2152530639158345
169,1.4443098631592728,1.69385695257191,1.1703992118535724
170,1.045103871955008,-2.6981562872340854,0.32675521431163035
171,-1.270930411404216,0.06140844793874212,-0.9832247839069281
172,-0.9172752660855963,1.2840452658424981,0.3132146425600941
173,-1.073827830233017,-0.7095543762796608,0.621518001030767
174,0.9092691431815331,-1.4392200273252178,2.2051887192663964
175,1.4736336976184752,-0.9956812584456844,-0.5659318977387838
176,-0.12068280060629277,-0.8464285834982052,0.8237061517919986
177,-0.6742273571854973,-2.1145823073963292,0.3910724770413011
178,1.0510804495496466,1.2774370940862152,1.0323107568323053
179,-1.2542007015548817,0.5095254028763971,0.8520698644979021
180,-0.07838983370793073,-0.0001541367586590514,0.977789128897825
181,-0.6548684429129659,-0.11678219868502127,-1.453342469045283
182,-1.7525236782051392,-0.4247346835543575,1.0613750701806313
183,2.855843797218129,-2.1284261004811786,-2.495431628729219
184,0.2283504107001908,-2.310877811542629,0.7904019216985279
185,2.0957533890830176,-2.4587293973689395,-1.103734187817723
186,2.0600650693263516,-1.8270510421788748,-1.754618771988974
187,-0.3121172740138108,0.2898951405017016,-1.3297967757136466
188,1.17128315648577,-0.11096231231654119,0.6630855537400352
189,-0.4038242137911865,-0.2621611440010723,0.29773307904217994
190,-0.34075784444629664,0.060723902942822594,0.12263843552443132
191,0.0713825945416533,-0.12265432480001093,-0.22086327870427558
192,0.7258786462355459,1.5037648332067381,-0.018295897878813028
193,-0.5672977443378256,-1.0534572239407316,0.6731333155453946
194,-1.425848837887189,1.0085852406291684,0.9868892496044515
195,-0.9058634135369517,-1.2852377302290168,0.5432991555435114
196,-2.277949831428878,1.4954412842087825,-2.1025271053972956
197,-0.8186850765528749,0.15732424853626792,0.8326812718816184
198,0.7562638364964605,-0.6072692917553397,0.9053300016357071
199,0.5641355248493394,-0.43547718905930916,-0.6362651687157217
200,0.3494607735209621,-1.0756191155590813,0.6338057113388481
201,0.20508380289141592,0.5470407395535861,0.06512163711132735
202,-1.2369431429762079,0.8280870494274502,0.8880494177899481
203,0.15261405249801907,-0.7933498587603589,1.0090604994437473
204,0.6113840836891224,-0.17086558921439543,-0.26790845260074136
205,0.48169504083597015,-1.5967307729560587,-0.717206718997632
206,-1.8840365088674231,-0.9416957035832844,0.714602383724418
207,-1.8267369449617032,-0.3541115324278557,0.16157333943527086
208,0.9377901151188923,-1.3641027776998136,0.6116365602420935
209,0.05483254572358853,-1.1109076221601812,0.07443148345555228
210,2.0640816145980923,1.368492260856654,-0.2858677820981771
211,-1.8172341593205603,2.972849928164652,-1.135159496478703
212,0.59931250771576,1.5543893068918624,2.0040183750856553
213,0.19887870200620228,-1.324734150199179,-0.5487276915324321
214,2.2626462277489816,-2.783589640050544,-1.6926341187147282
215,2.351171681465795,2.104031569603449,-1.5549468203146841
216,-0.37966133725500956,-1.1896223191917725,-0.37614003632665843
217,0.5425231892811453,-1.0943764639722597,0.9295375888787984
218,-1.3060301742168448,0.3434205849677219,-1.3852315095764114
219,0.03673715011211964,-2.058181661943429,0.3069544381454099
220,-1.3250503469323975,1.4555089321916,0.3033765533346342
221,-0.5817788209803987,-1.2906300409854046,0.5906850872158961
222,0.06304866866469039,-1.4190526668995203,0.5328408312281373
223,-0.6542832289242457,-1.4483325710906603,0.08249130008228123
224,-0.12040644211958718,0.1615703515010979,-2.351730371359558
225,0.16077049691063428,-2.4272249661785894,0.7475018426471722
226,-0.4848404675886502,-3.0119502092175843,2.1459796435178804
227,-0.24899197573177423,-2.1650726623421144,0.6807212531201288
228,0.5642215919451554,2.231109112351394,-0.11491321548857092
229,-0.5312290165490976,-1.2809791421975685,-0.05356326187206695
230,-1.8631578159926352,-1.0231343698508961,-0.4682742617247737
231,-0.8705125551531971,-2.446397441162568,1.1959317161165983
232,1.4956708554956022,0.9211536659252401,-0.0996799968886034
233,0.9782088234093396,3.2587804972400134,0.33124219371177493
234,-0.11384323143938857,-1.4958066679860202,-0.08714056564556161
235,2.7625104471114623,-2.6475914930913493,-2.2249821352199994
236,2.0380285492136805,0.6398686571466214,0.7460347347439477
237,-0.31095154394050006,1.2276543346482611,1.1996175455615532
238,0.8064678600380052,-0.685992359822204,-0.8086758642250306
239,-1.130374979960258,-2.272827470767991,0.2519073417813522
240,0.7047884576622705,0.15287967419202764,-0.9765260032083419
241,-1.256026763093184,-1.665476360895663,0.36940159492002134
242,1.6665916676858672,1.1603064303949633,0.39911372798697015
243,0.7811363155118551,-1.2684040182335639,-1.5103501409613584
244,1.5787864469436204,-0.46298060725433043,-1.6669864555428853
245,-0.8855534170526168,0.6408825195315612,0.22557151650813267
246,-1.7352445640797474,-0.14373601764937316,-0.42999608506419196
247,-0.6824425673724628,0.16109798257359964,0.4675729972637601
248,1.156144999783534,-0.7048201345269945,-1.1525976425577267
249,0.49597711782447074,-0.5897046620528137,-2.086374446821427
250,3.234495850459753,-2.255790961333936,-2.833793479155938
251,0.4414454633248037,-1.1649436618043665,1.073748966428731
252,2.529775458602211,-1.7109681658115832,0.7150878876493887
253,-0.7100515384394357,0.19295865572716164,0.8973862869591382
254,-1.429010881949253,1.4530047786042302,-1.2520055236721344
255,-1.2099799419547013,-1.5418186728018433,0.4281935637206159
256,-1.521477794021114,-0.04924425931064569,1.4716924789088484
257,-1.7022673757777,0.29842751207764096,-1.0636722985432558
258,1.3266915416364666,0.6820429942690651,-0.07650908868162076
259,1.8096653449692774,0.514341498070273,0.21119362308035988
260,-0.8044489183139034,-1.8441294425337211,0.4378822805373043
261,-1.216738592560342,-0.33702543932008566,-0.5812519907608413
262,0.35647160769297015,-1.8919309954832872,-0.125064563612163
263,0.2895562371319521,-1.3324004847265665,-1.5392382096128994
264,0.3886159073471859,-1.5568512113624369,-0.11825447325056992
265,0.15498527975120147,0.3865190054930807,1.1093712450037112
266,-2.7391869162426925,-0.8750354777838478,1.5858251016386298
267,0.36105944050403954,-0.834577589693315,0.4068412436829485
268,1.0802759231681551,-1.2039478540643396,-0.9321867588281938
269,-0.7894697942239497,-0.07912910274236595,0.807720508289617
270,0.24911802774301872,-0.9017954145047231,-1.383300899489206
271,1.846013631028459,1.126188091632774,0.15100639135336236
272,0.6393551164309722,-1.3996801913576395,-0.44171262175301484
273,-2.050946534030202,-0.4797578167498003,0.6275119534797164
274,1.4259876520500159,-0.2841149085031859,-1.5703532907101192
275,0.8790552965667222,-1.9361385164525056,-0.7473943055353334
276,-0.3673093019627689,-0.5941441927355604,0.2821755160975051
277,-1.3566842213226653,1.7006118399012198,-2.236964555800651
278,-1.482245192748635,1.2120726246363347,1.2952867337010956
279,1.411997104170849,-0.8772036964394044,-1.3827297342112335
280,-0.33668585597697187,-2.4512030098264628,2.1301945723004523
281,1.6012468589691455,-0.8644100601703355,-1.5730516074991436
282,2.582743657079516,-3.16405537661454,-1.8991823389197775
283,1.2966048359958509,1.2060960754493335,0.6176509442939875
284,4.505934285029326,-3.0429100210707354,-3.912235377722941
285,-2.688280748588652,0.4794265396562152,-0.07658188561818402
286,-0.19613349054905627,-1.7139508979041769,0.0706294407327599
287,-0.5543154117105564,0.5199165858593924,0.759469604265642
288,0.65396091291706,-0.13049988968260418,-0.16929744989700535
289,-0.8162598397131193,-0.7451275753439537,0.658115442181484
290,-1.362431758523066,-0.7581479893159784,0.607765924363057
291,-0.953742043307126,1.3469276567377613,1.0723310599688995
292,-0.27635782030734024,-1.8853237875730733,1.1363301264970045
293,0.7859670755526846,0.8132783175845999,-0.3410522284718059
294,0.7769397959980757,-1.3672562450524364,0.8338939917706077
295,1.2184028981707087,2.017732952114182,1.8888932106684653
296,-1.0535162510071794,-0.579531289771635,0.654133910513921
297,-0.21318149649369772,0.16972190853953284,0.8131634934755763
298,1.5497621775074741,-0.6949559310477408,-2.955020664828644
299,1.112189254968725,0.021804328099657377,0.6099774717243698
300,0.672352748912727,-1.4688561881458007,-0.31233110797685804
301,-0.3029929539531895,-1.4507395674082528,0.0012527958362144043
302,1.339605189799223,-0.5481461781869745,0.9507256652309217
303,-1.2072102553647017,0.45895969121904573,1.6873872460845794
304,0.4899757124974331,-0.8553837313082449,-0.42817680493711796
305,-0.7787271845892436,-1.0694428776058846,0.606622762681844
306,1.381406556118395,1.7866020248239214,1.1309106640317697
307,-0.8310778302141555,-2.5421945153365826,0.26627001122783434
308,1.6758318090917,-2.0675152926928746,-1.3053740421483133
309,-0.3422019748232249,-1.8716929333748047,0.5160083256788275
310,-0.28926194407954325,-1.735321368796591,0.549552764913267
311,-1.5659792214697323,-1.3068514774047781,1.2199930160230326
312,0.7825173209679899,-1.2187155496537763,-1.5672039767876194
313,-0.696896782867085,-1.2221084403195959,0.5979566902887335
314,1.1107716224058273,-0.6420858084795735,0.281632037627624
315,-1.1120989263146863,-0.707448734217279,0.6206181308235905
316,2.2552943663642386,-0.4074217328242044,-2.3792433217351934
317,-0.8658580047688864,0.6316087286025189,0.9861996024564638
318,-1.7203372104346923,-1.6301305990347232,-0.4634141186560743
319,0.4629029185086384,-1.4441643652505345,-1.1392902333818307
320,1.3315061359867955,0.9607521518080293,-0.9417618276536432
321,-1.4049060761497687,0.30888430057744354,0.8110103842368656
322,0.2703732478124927,1.213605264327632,0.5268821684116052
323,-1.1456469000741842,-1.808292979547736,1.3518620006343676
324,-0.27844332281750617,0.19647395704606385,1.29775657407962
325,1.2212484865670992,-0.40348983048049014,-0.7790466903594566
326,3.209943347150104,2.660220065283908,0.34939711625271513
327,-0.18115842578231656,-0.7773137092890072,0.236226630068318
328,0.9438704931816374,-0.5106028317522289,0.558879198138747
329,0.5549753468765539,1.012875574605597,-1.4950913151137817
330,2.1225327230847766,-1.1403837893855642,-2.036259750218928
331,0.8547274289345757,-0.8154229347123036,1.8341476173412266
332,1.894130304906,-2.0063319674262052,-1.5426727402329634
333,1.7765773473033526,-2.589553501782564,-1.2426176194938348
334,1.1780802117775198,-0.0686801281093572,0.20589351779158482
335,-1.226276667346967,-1.6393957870614688,0.39184472450921537
336,-0.5977563897615004,0.5932175804118649,1.0324894212643492
337,-1.1812093342633818,1.2248456381558972,-2.0175836312561803
338,-0.6057169839039225,0.43476903066764333,-0.3540415390387599
339,0.0006795645383309568,1.8425849886883714,-1.6206175675392331
340,-0.5551202189919011,-0.3923633637149522,0.7306836368791333
341,-2.1812803112062893,-1.0251806247310218,0.7649884082627753
342,0.9842734965156654,-0.4906609250957731,-1.0520378396757306
343,-1.3298580177824235,0.34355250859960035,1.8686962672346572
344,0.20933378023287097,0.05294669752428671,0.6372963333832027
345,2.013162827441601,-1.4715410007033494,1.6846987224474834
346,-0.22827934987880694,0.054030784860440106,0.9480282185038129
347,-0.1331989810106784,-0.323813276027631,-1.5029390828946254
348,-0.8073152681858062,-2.3161451586958837,0.2787674048477379
349,0.1041906351857238,-0.20086614346091175,-0.2502310542787825
350,1.189926531807838,-0.5921953346002967,1.5445777916379901
351,-0.7490139489343531,0.22908489598227033,-0.923248486245376
352,-0.8459862891065152,-1.6971985766582973,0.4330717759775754
353,-0.9906364761758999,0.8850976580802559,1.0034848669865366
354,1.0345432738350147,-0.4543923744212305,0.7981921861572278
355,-0.6587437731217478,0.7856171914985449,0.36528339412774247
356,-0.47222780363315064,-0.6667791784984178,0.4940082010563338
357,-1.6795364899551486,-1.4829922399347013,0.2816374002639904
358,1.0579518923108466,3.507281671929287,0.9541112164535053
359,-0.446024164752469,-2.1742287531728572,1.1756031738715886
360,-0.11724063919296357,0.8274122837723062,-0.3711690820391269
361,-0.5949895913835633,-0.49189856266315507,-0.9761607501174191
362,-2.075485320321711,2.3730009033909107,-0.0664027657835573
363,0.20581050206193963,-0.7773926805253062,0.8457855231356275
364,0.8536573731089033,0.08009143103256766,-1.0867040983344467
365,1.3030949596685197,-0.6946233193489312,-2.667778795091283
366,1.1003836295900487,-0.400757346155634,-2.7844655848401594
367,0.7777754563065297,-0.2083640774877793,-0.31267327224914854
368,-2.7731219830890312,1.4220218823691801,-1.2737448255864416
369,-0.3852207824815246,-1.2687040328586,0.7547237175677198
370,1.0606595762776267,-0.7386528641120094,-1.052403212414184
371,1.7272525516938475,0.763469854338354,0.028300846026153903
372,2.2349871781962376,-0.9021354918219955,-2.2084197058212673
373,-0.7705491662698062,-0.986026050782501,0.6529878092675745
374,1.4693863965307707,-3.0657342579333333,0.14588607840359857
375,-0.8396806279064077,0.2634308754588205,0.5820027684404443
376,1.8301760745046645,0.03026892436166928,1.2010638995132144
377,-1.3309870377865594,0.08843883262767227,-1.0227251888041295
378,3.6318704786729485,-2.4530878637136784,-3.1781391359294533
379,-0.018938519138439913,0.13172116208481133,-0.6346032596133326
380,1.249930926695928,1.2071571561516434,0.7068528292309738
381,-0.7671603284622786,-1.0326012268846907,-0.24693590716407104
382,-0.1530085000755257,-3.228304366041103,0.26585494505308005
383,-1.5183170081322819,-0.4165178530389343,-0.2566125580000939
384,-0.42456137641563374,0.6379178357347325,0.16779205027484134
385,1.4918458474721594,-0.17014114982970352,1.0997236285801983
386,-0.792463507167511,-0.1388445769730957,0.8189133801194255
387,-0.7380083561660753,1.448926745191146,1.145186428105873
388,-1.2302657170413018,-0.6878461541649142,0.5988330578530003
389,-3.1983140969973016,1.5291902512520992,-1.0927227158998103
390,1.2998316987956393,0.9706645300426856,0.06464266825474896
391,-0.6689180389990432,1.489996008865032,1.37194261522572
392,0.1841232588006778,-1.0736938514604975,-1.1744154457352942
393,-0.081633787536462,2.7129063837336167,-1.9372823536427155
394,0.8240699103894034,-1.9862673598381515,-0.7839266748495011
395,-0.43802018624743133,1.3125276158985517,-0.12288211858926934
396,-1.7752647797122012,-0.4741933456457903,0.16695775897845133
397,0.5937518844396796,-0.42692016868036603,-0.6799566845633784
398,-0.9093292113096475,0.08166956833188577,0.8145358979265674
399,0.11090327383127341,-0.6822041295840442,0.0394748241966798
400,-1.12752247407829,2.121631458165856,1.2163965624601567
401,-0.7243105325226482,-0.07413263979478413,0.1666828012068594
402,1.29352124174396,-0.6778431540905911,-1.136455702907798
403,-1.1625685814803113,-1.9193794732954288,0.3390407414866958
404,-1.3077987879052029,0.9591376766429225,-0.47304627646029795
405,-0.6722063892045063,-0.24228038170513055,-1.2657555229168
406,1.1011067297223196,0.04102109100257789,-0.540151448715199
407,0.36530366977843287,-1.0354434706568865,-0.1518808164439286
408,-2.7492077040996907,0.5645055456799011,-0.2514245901096027
409,-2.849027137346347,1.256368076767116,-1.0578528049633467
410,0.8634836085475657,-0.34538575925545467,0.6354517480216455
411,-1.456320312391999,1.8423985483291572,-0.4358595483430218
412,1.3248138271779075,-1.4920327164961251,-1.1048511967826862
413,-1.7303466104665606,-1.0743965214489224,0.4000698558429821
414,-2.1652243471045027,0.0285537038632947,-0.27738251727253777
415,-1.351772610061006,-2.1727053749303242,0.23825508907355408
416,0.9106591527189861,-0.0029426534480363475,-1.1217676272712802
417,-1.3916902835659894,-0.41758102682951587,-0.22491598782549077
418,-1.5704846657017786,1.6198963946705116,-0.7828920505592492
419,-2.3435903523762924,0.5554558494454414,-0.7123393060128956
420,-0.5005682067447763,1.0105305572482925,-2.9561940130657387
421,-0.6161860651215776,0.6376352404472079,0.2581707690521924
422,-1.528364746487917,0.9775516076646195,-1.5898027008787756
423,-1.1503940506838635,0.8487897441157116,-0.3713473274185367
424,-0.5594942306950597,-0.6372009239048542,0.733874049568964
425,0.6668645919450324,0.21783032686575998,-1.6626614333889094
426,1.6406220154013904,-1.631099586622929,-1.3952669009196066
427,-0.6704171911804289,-2.6236660057628773,1.4735866993773372
428,0.7250602299238222,-0.0444876247780841,-0.28881993246665816
429,0.6209587592381547,0.567275220684883,0.42318525909676724
430,1.2177480863769323,-0.46472068493101015,-1.2983399905579995
431,-2.2023677644335367,-1.731932410908447,2.2488134831495197
432,0.326478737087231,0.052757102630443864,-0.5341095016277341
433,-0.5983413239720546,-1.4176202060278933,0.5940904480463207
434,-0.5769506991683335,-1.872099144349977,0.2299064090981799
435,-0.027323101545602912,0.9074485388628236,0.8263047601734734
436,-0.9362947164836634,1.16486924367796,0.5563556673778522
437,0.04939794890011473,0.6921986697169594,0.31149155861947114
438,-0.211517896205414,-0.10580344470964864,-0.373200978342421
439,-1.1258633466351107,-0.10743442990776719,0.7159975344719658
440,0.7172325650361164,-0.7959480897805282,0.5332469082587021
441,-0.12264802443271372,2.110268445940352,-1.9761743219738046
442,-0.2243274443682639,-1.5374571491956641,0.1297849029218422
443,-0.4664288678640828,1.2875407462397863,1.236993813603993
444,1.5503152483322868,-1.1486542291354533,-1.4344080406172277
445,0.22728953861891082,-1.8334435397929707,1.6852678329128374
446,0.2746090671435973,-0.35871631905586093,-0.359167212427124
447,-1.742721729375579,-0.6244868215238826,0.23284981416902006
448,-1.4342216265132182,-1.7094645014700462,0.3117562496398699
449,1.3075557062311272,-1.7059503197308892,-1.0411754786710765
450,2.542893852213597,-1.790868814840221,-2.6131887363787047
451,0.9144508951879602,-0.7881282800884952,0.9742466718946743
452,-1.3032604378014911,0.01620609019630137,-0.7822345136439324
453,-2.047021313847601,0.20816368818566033,-0.24624351726498467
454,1.3181245220692357,2.3845018995946625,-1.4095985603758916
455,1.3539101029120346,-0.7266791059433371,-1.3457732769618365
456,-0.08292801031114572,0.3418939358153903,-0.19775968472791694
457,-0.5006752557926903,-2.332061160384564,1.261191811432058
458,1.7945165510767396,-1.5100516189986315,-1.5845079091713106
459,0.3239355243350279,-0.7806744475070747,0.9240025468004968
460,-0.4751088703879335,-0.7522429012657881,0.7328686329683038
461,0.20644579846539896,2.1118198879301526,-1.449100478203297
462,1.8121199136928061,0.978750950961977,-0.35835055689115936
463,-1.2516668129420963,0.8191144607422092,0.8445176204485181
464,2.20943323490156,0.9313109057068503,0.05490558174104154
465,-0.13015359562980122,-1.8101523132274915,1.6365143288864532
466,-2.580932775736378,-0.45000544859989416,0.9144873274888221
467,0.6971582922522799,-1.0047888898310382,0.9544295573432948
468,-1.3008492585863112,0.7626840207559987,1.2888848641944803
469,0.5111652643200739,-0.20636941097143996,-2.7660702204427343
470,-0.9483087742064289,-0.20649756830978572,-1.1889684204652657
471,1.6341185632256738,0.4531569597722022,0.7147662791956777
472,0.7244099281163205,-0.3309118852052597,0.37279942005651656
473,1.155071903692741,-0.38021096488842504,-1.2617481936558426
474,-1.2882450113952688,-1.2676185856503572,0.3093546203446837
475,-2.8959715129438637,0.2274511288085479,0.2926604718589574
476,-1.9631815930905046,-0.6094934422412233,0.6664984283618443
477,2.5943851163715728,-2.564437301550708,-1.6437070462817538
478,-0.22269772548408168,-0.14112021887128312,-1.218230009812002
479,-0.5736991569781636,0.3350715945841805,1.6544866819752524
480,1.2166849555220676,0.33305759114377476,-0.15654880505614066
481,-0.3907564953513589,-0.890620029452547,-0.08169121456640116
482,0.5788809768214425,-1.9435470090171159,-0.08975694008285562
483,1.6999381818199466,0.027663779345562967,0.10018963855559593
484,2.5182340084911368,-3.060589489885677,-1.8851062459721157
485,0.07005883415274294,-0.4625534540147056,-1.324346893441986
486,-1.00589892706402,0.924059534102962,-1.1894371106787973
487,0.537610035372081,-0.52052416131985,-2.274892281391497
488,-0.6159772183113149,0.15988849925563775,0.9115170907417807
489,2.069627890153578,0.6993291751191966,0.8333973020593861
490,-0.09651844899129902,-2.201956881806021,2.221732838537707
491,-0.6572008279769759,-1.576863667709211,0.4773881860173288
492,-1.0857815750586606,-0.28469035562111394,0.6978300755882476
493,-0.8003434463364225,-0.35299442413421295,0.7743113841393121
494,-0.48903085041788036,-0.04192199721579437,-1.1017152049298526
495,-1.6196692527062413,-0.9149805727378587,0.64323125367006
496,-0.8682303546221344,-0.06817879103218383,0.8064274839643402
497,-0.5943752325432555,0.4903594858974947,-2.4868569785178405
498,1.4745753106272177,0.646631668410367,0.35437437344360967
499,-0.4311364954948969,0.6795487855059325,-0.8198984145313135
500,1.7410427810663194,1.413118422073001,-0.66502073067551
501,0.6123546143426075,-1.2931581327229784,-0.44258935472565175
502,-0.5920086739249478,0.6778013563777612,-0.9292862818300202
503,-0.6810938828558672,-1.9466037178047606,0.44802029970006485
504,0.6777948655006053,-1.8275737001229628,-0.34902392865360593
505,-1.3726979176153777,-0.7342874481174144,0.5625793786726552
506,-0.9147808091695512,0.1266019374259666,-1.4947503510605362
507,-1.0511205085139672,-1.1535647347972866,0.531939963401382
508,-2.8358774658550336,0.5619943723847933,-0.31889668717399844
509,0.13125863620842004,-0.7949518143029568,-1.0308065199324183
510,-0.5971270819135743,0.4662188592014964,0.957791365654253
511,0.23640988214134545,-1.074954154400782,-0.12470252968640905
512,-0.07708859592070871,0.6908775244846888,1.1421127133674065
513,0.3991628004100064,2.1379916614231456,-1.3063025035757336
514,0.008083504520636997,-1.7064034620912407,0.629935453225917
515,0.7127194590656332,0.942420010714534,0.8175875590819652
516,1.0869069174381674,2.132187412502308,-0.44673586143198896
517,0.4602296137614349,1.5961976315482516,-2.1602634634633233
518,0.32166049286281817,-0.2695795808582414,-0.9784727887447271
519,-0.23069717820802238,-0.6050559927485106,0.8082047452921007
520,-0.2856063544881293,-2.132360350898292,1.330511024334537
521,0.16773606143407072,0.49524906516321865,1.1457053841767657
522,-0.04715712076667422,-0.6554715391208314,-1.4016889750153978
523,0.9041905950488149,-2.3510295012642883,-0.2455929785701521
524,-1.0583656628537876,-1.3145137843610364,0.48984180912038755
525,-0.5329505586054653,0.9621655744624922,1.0635482227007016
526,-0.48164859432024043,-1.8441178276612784,0.4558078322770912
527,1.075206258829875,-1.4933492187699187,-0.5002028330430599
528,0.2975821319180197,-0.46191361399270825,-0.3580253627369357
529,-0.30723843959328656,0.16262051626088092,0.9587921913914806
530,-1.1437190410317652,-2.2773465111643185,0.2932663504941495
531,0.5626841551845647,-1.961259506263085,-0.3048839077070185
532,1.229600359426741,1.2186726881040988,0.7758810470920352
533,-1.5835362210245791,-0.11230093069784897,0.6329860049739698
534,3.0343440976734923,2.841674975733733,-1.370825683725603
535,-1.1423838377732745,1.4313610052274162,0.035972441959247314
536,-0.5538986895611888,-0.6721076481753994,-0.8378426497457895
537,-0.6587639311660822,0.7312810399234044,1.000284499356136
538,0.8225460771234261,-1.372443085606116,-1.2090767756225138
539,-1.3524100144506588,-0.333680374267588,0.6383356619728424
540,0.1278197400662915,-0.7529553927140165,-0.25896760071021097
541,-0.29511332963213643,0.5694881990115103,-0.9547975327490819
542,-0.6662488512519606,-0.9785326295875558,-0.25931731846530587
543,0.31552179466051755,-1.0021707557365973,-1.311179302055643
544,-1.1000113641600673,0.23714431855932938,0.8491351027940715
545,2.472709949345449,-0.5576183175962015,-2.550928377432601
546,-1.3717602647106037,1.7736754571274655,-2.017670199577995
547,1.1217563776251138,-1.632057408585334,-1.149319490717462
548,-1.2481431015230147,1.7741043116297133,-1.192397980637953
549,0.46215905422171333,-0.8853878600455347,0.8963953977242806
550,0.8230420433922604,-0.6597229314112749,-0.8050569382025403
551,2.034049716626536,0.7444638932157523,0.22577499965331077
552,-0.4620002862048953,-1.0653421037210387,0.5948196819900751
553,0.6636113226926277,0.3328388238839921,-0.959022538787943
554,0.8066746956412584,-0.7555411774106757,0.9457887123502002
555,-0.28058182140533855,0.35722177904468544,0.4350856145836895
556,0.7642601953977423,1.8657369348144561,2.1275055949241883
557,-0.3636714213280343,0.3039365960891085,0.09000502854281967
558,1.2835636675496307,-0.44657943759510565,1.012140140760587
559,-0.9715138930086614,-1.1029449602687191,0.5819881286092838
560,0.7747006753420111,-0.9755495755499362,-1.5942814144057194
561,1.7415191117113487,0.37812765822278704,0.5776475750999307
562,1.3515056462784065,-1.6801326575202706,-1.407578455571055
563,1.5850166526180742,0.6040359356138716,-0.0017541127233962062
564,-1.3009600480959504,1.3934182424726302,0.7218490467344092
565,-2.754385543471259,0.29974180878506573,0.18207468762196866
566,-1.0978980303899653,-1.6379711491897664,-0.29811963119735596
567,-1.5088206228719003,-0.8015559646730425,0.4799431393395461
568,-1.8098586461028296,0.5194552378938073,0.7027763864218923
569,-0.11469276012913876,-1.3851489970950692,-0.23348542534514616
570,-1.6926524789795865,-0.2287300028764715,-0.27399065709457293
571,1.2644663351510963,0.14542769035847247,-1.532744089023345
572,-0.3251493834777077,-1.5270684436510495,0.1968059742692696
573,-0.8966615142992866,-1.7989634168696527,0.4083272928559596
574,-0.0033782634465883143,1.704478101772429,1.0260058874753069
575,0.5404863128299804,-0.7209365495287007,0.3498112724484867
576,0.9417380813541064,-1.683231845936703,-0.6629997451732552
577,-0.43022758185432275,-1.9715252026098944,0.4706006635740454
578,-1.6513873786593698,1.583172129002964,-2.8938681922015306
579,0.043791497784512856,-0.5551494722801729,0.09626823299656029
580,0.8840887485451778,-0.8834444525357553,-0.8452480980425238
581,-0.6705807424181397,-1.2655067235536857,0.583224198697327
582,0.5097087325496741,-1.2098913187778595,0.5204204584910338
583,-0.41085417241117617,-0.4538773215352053,0.8037190919119874
584,-0.4407036862458291,1.2133461360666837,1.1590644226698195
585,-0.7959443672587113,-0.27586496960543244,-1.2482210061064638
586,1.0749936834102216,-1.2347884625192953,-1.9339819797276043
587,0.11061740355413929,-2.243771737390242,0.5458440524902463
588,-0.4000662341734797,0.15192445274369126,0.9463036365091564
589,-0.9034401367161864,-0.8552474817582426,-0.35423767092009445
590,-0.6240478267388481,0.32360961166238633,-0.6182985503888834
591,0.40124320186361734,-1.1388843233219683,-0.2738623644159659
592,-2.0798105856022895,0.15861608832466956,-0.3930759115169065
593,-0.02068545696641033,-1.479176287694509,0.6469346435439454
594,-1.280963805654288,-0.2467310107200021,0.6903214616922844
595,0.3880941354714301,-1.1397532052511208,1.447063262710119
596,0.14707129191792845,-1.201790558705531,-1.0296995259150257
597,-1.7880828453890956,0.3380135799050703,-1.1612186791150751
598,1.3564002032061857,-2.27681507573576,-0.031824002742933954
599,0.522436812976101,-0.6213798721590097,0.5875316305053432
600,2.4067844595416865,-2.0005092124413126,-2.1228078516670967
601,-0.7402984538391636,-0.905182931031221,-0.5619080248116404
602,1.8924433800835225,1.327104551380271,0.14811915877514004
603,-0.21456274191328134,0.9892692072422666,1.6112504993869834
604,-0.03638119935787332,-0.2163376084366192,-0.09534660495759861
605,-1.4941532139639224,-1.0507561909738927,0.4641434462426115
606,-0.0908226890684678,1.238696029360891,1.2618725702026026
607,-0.14125740322420344,-1.6817700322603681,-0.17476468942810208
608,-1.1076985657679386,-0.3886218666529384,0.6811319431787811
609,2.4214504521024693,-3.3568302144470845,-0.31865264690391265
610,-0.248961128999663,-0.8515906682726786,0.7820370104025269
611,-1.4413674266999668,-0.8364806710788123,0.5175973624035947
612,1.9917788862067607,1.87119099627637,0.7044982656932133
613,0.8009621798337929,2.6120470315986086,-0.46200148759734394
614,-0.9285163776017473,0.3517448165410445,-0.16070309648249537
615,-1.585656919392931,-1.759720599175474,-0.0233308924112533
616,0.19494274210095197,-0.42204824634432203,-1.653235188182137
617,0.6689052999265896,0.48939474389432114,-1.0208627648976634
618,-0.5846570094232764,-0.5569006297191235,0.7051170297665305
619,-0.9097512179687457,0.8417485235773383,1.6208304336868757
620,-0.2996729242716498,-0.005655553312838069,0.9106622515588745
621,0.7340585557059354,0.09646467552088944,-0.9780099348485293
622,-0.3265120075429051,-2.0618691529175797,1.4654173470961607
623,-0.6833961751834113,-0.6678416552462754,0.7066376894537211
624,0.27359392899997215,-1.9685835955723743,1.1702337618841052
625,1.9246373695885126,-1.538430177516408,1.794532974528613
626,-1.1780714475679044,0.4870678328808651,-1.0603475684655623
627,-0.020978605743944168,-0.6854824755222271,0.06089602659582416
628,-0.2745750709449519,1.5899424891933511,-1.558814765907138
629,0.9792656545899445,0.46498760265741956,-0.11515407048850024
630,-0.21975934275322184,-0.7098054272377713,-1.3700586405651507
631,0.5950588996174699,-1.1658478953621214,-0.4431205057514357
632,1.069552736504534,-0.385732003485016,0.7718327371928361
633,-0.4993585486792556,-1.048216156309835,-0.35666221827929206
634,1.5099424122146612,0.4765644636734987,-0.7236857028798507
635,0.6253421763018688,-0.965910581535683,-0.5261413688103336
636,-0.653607553665924,-2.1194039607668507,0.3896243030720382
637,1.0810014493951035,-1.0113113040792174,1.6368825225116859
638,0.08839108125931006,-0.28483219234704693,0.34855276634236065
639,0.4414793665036041,1.1198539104769,-0.960176678596026
640,0.3887147733995896,0.5444250693321078,-0.7494032550054948
641,0.441493130630748,0.27399534807966563,-0.7249368111572352
642,0.955080382842697,0.23007548136703404,-1.0453214247859919
643,1.4307815975404834,0.22966236943450657,0.3665562569562559
644,-1.2843420144837618,1.2232014131302247,1.0010902493549754
645,2.185426303596825,-1.7072783404211682,-1.937820392350733
646,0.05313145038848788,-0.21244623498320792,-0.0484979973416132
647,0.8306245960596379,-0.1777703305761209,-0.9717749564399054
648,-0.7255100545819859,0.4124925448471575,-0.5930256272740873
649,-0.7725900993371395,0.4872174732708856,0.9254717125179853
650,-2.7290302657983707,0.9491583985929735,-0.8423783924226176
651,-0.16018619148985158,1.8547689302582524,0.8373503432145399
652,-0.40294362749880025,0.781744691553695,1.033403836863168
653,-2.3112397387710812,-1.7991644152147022,0.1728444973212473
654,1.20361144913007,-0.21108753621064869,-1.0934754771271877
655,0.8965617032136233,-0.3712591945210432,0.44425968912723607
656,-1.1831382312212697,-1.1928028362624215,0.49488892411058116
657,0.3843393775061688,-0.5264959857709843,-0.5380500719598029
658,0.08489027934971682,-1.3561734003185322,0.36214255443454746
659,-1.0225719685387993,-0.10174709800630766,-1.1906572154229758
660,1.6384598628034945,2.7789506884530306,2.605271351794115
661,1.5593009151825186,0.22382147810260056,1.1801207930265494
662,-0.32422087942459976,-1.0972888148916808,-0.7789801410224023
663,-0.28352548546526224,-1.0922492651545932,0.7072548932591729
664,-4.166207832877452,0.8772278724494318,0.7920125571596799
665,-0.5102167343889568,-0.8671943598013743,-0.03300982556400289
666,0.553903307589044,1.0922596990623055,0.3444637379314172
667,-0.7290943645854064,0.7992346781863297,1.6243784111061994
668,0.5436908133229538,-0.5050073737816351,-0.6103986892194785
669,-0.6882283402916938,-0.899589215912544,0.6111152927132278
670,-0.9787844869163002,-1.231005794716677,0.5283928150433019
671,0.4746589950667352,0.599487799474269,-0.9164507003061512
672,-1.508959995788483,-1.3433870986708256,1.0782063298590057
673,0.8878403256808091,-0.1492005594634116,0.32882298323595494
674,-2.1645589213680623,0.3180911032295124,1.9266048340254869
675,2.2910142883001225,2.062886409838012,0.8867649307820639
676,-0.6784164739070935,0.23994497691657968,0.9108158021419657
677,1.1209308701291167,-0.6272327702124718,-1.1659216399132206
678,-0.9320190198326131,-0.3742122695371994,-1.0069200250066759
679,0.445366138292701,1.233996495447338,-1.0142742505784859
680,1.2840241166041424,-0.2957945166583531,1.216902436974298
681,-0.5432403478916363,-1.4269144406158427,0.5945803165713488
682,0.1552608449014129,1.9899171575842645,2.730252004698783
683,-0.3732042967706314,-3.1641565454676446,0.2110629208920759
684,0.5635269753307142,-0.9475469617712152,-1.8568962781940384
685,-0.961736288453449,0.5055765334641125,0.880501897857068
686,-0.30947871926406645,0.18043585261988726,0.06722718660270588
687,0.45865149085008006,-1.2008995268281704,-1.1682288998806816
688,-0.4577365676636522,1.0140290676621673,1.1598049158336956
689,-0.4385893367733007,-1.8949613625241999,1.2749916253392786
690,0.9943170620792163,-1.2945874404968167,-1.45769435514153
691,-0.48890357756584024,-0.15907887351443517,0.8309962615874944
692,-1.4000964518661265,0.06777762097278817,2.128107405236193
693,0.03357468443518119,-1.8121544571637418,2.004286747510795
694,2.1140046823228733,-2.2914759640309965,-1.687213246911862
695,1.9016024028467313,-3.396186324396889,-1.13371705343343
696,-1.5035329678091236,-1.1171904722250092,0.7110827876834713
697,-0.08199884393584522,0.6577441174092207,1.1149975991423313
698,-0.43614158286581084,1.3218997284502267,0.46846002746285853
699,-1.0249192652108767,-0.4619640794679283,-0.6349507866014268
700,-0.6749825871714124,0.26779032801411506,0.9224823912686627
701,2.348820796177007,-2.197758977023466,-1.9438931011444747
702,-0.04675148084773384,-1.309939162949433,0.8088421844012346
703,-2.0408912879932366,0.07085893780936914,-0.39252128827318383
704,0.2810268657112832,0.436917540803216,1.167804193444788
705,0.7666020365323456,1.145862385253908,-1.330827933038028
706,-0.4827567875250529,-1.8023648019288885,0.8029553133508813
707,0.9095033436251692,-0.9309119548009868,-0.8468886124648721
708,-1.6544601300747837,-2.3537881456517584,0.13148399151161927
709,-0.47345566750917456,-1.5510955324717388,-0.4987850585775051
710,-2.217088201182179,0.04365200364150246,-0.2526119801535679
711,-0.8004078723027552,1.3660367095552663,1.118821892521567
712,2.186752046905795,-0.7050636526506061,-2.2200247077299435
713,-1.9784447147746398,-0.42097330384286724,0.2114226960797151
714,-0.7051713543518917,-1.4595741136879055,0.12853337039679902
715,1.18792280856841,-0.5297195782465713,1.546512558986449
716,0.4815653943244176,-1.332768055158338,-1.1389887040482685
717,0.347275441217261,0.13660289293994854,-0.5932727483039699
718,-0.027129241596437814,-1.3682168401558659,0.4526214157791302
719,1.7724530818780262,-1.2067854812805647,-1.6362603735926393
720,-1.0078990423416916,-0.39493458815222976,-0.8558419278927404
721,-0.3334260092513343,1.42083403169786,-0.0840556467724175
722,1.8107952540330257,-1.0695305093511185,-1.7338678409206756
723,1.4701336180749776,0.4609473931710881,0.6556607059510898
724,0.07950363172112829,0.22103651505170363,0.17007244809972233
725,0.6408764299927171,-1.8615242790134867,2.780874105354826
726,-0.3424338990988094,1.2059834110455268,1.490645337190851
727,0.460872324747416,0.2837759068364968,-0.7379318125878254
728,0.1321431305430555,-1.3014414927210758,-1.3010212247489208
729,-0.21820612827060426,-2.054096793247973,0.49112122933151564
730,-1.2167198970033373,-0.28753316594053846,-0.9166636550959705
731,3.0636668946169356,-2.3154653447506703,-2.6507298192157935
732,-1.421202063268968,-2.014469586165208,0.28244739718554235
733,2.079055905746526,2.032314167609398,-1.553232947076731
734,-0.46694214250087424,-2.78717759865976,0.29471884346458765
735,0.07386046854392303,-0.928940257971214,-0.8740858367860445
736,2.9564441028583106,-2.3104063001357584,-2.533741117264622
737,-0.34416297849094746,-0.7258962809503451,-0.7250502975778348
738,-1.6582209168431765,2.086597179670865,-1.549618849961349
739,2.7711234722568587,3.190274140185738,1.4800032804417826
740,-1.2765701696240455,-2.004656943593771,0.27940690065812795
741,1.2836382216148028,-0.5640820030749252,1.3483353007907777
742,3.0386658976946137,-2.3333812568676464,-2.6015190393080916
743,0.7493643824236482,-1.1059927973915118,-1.6762502178701872
744,0.9744401762863172,-0.5684354127522266,-1.0241020879006473
745,-0.1307281666680553,-0.04537677706137644,1.0224255694591493
746,-1.1440745358758906,0.5061324234857705,1.0296085791612997
747,-1.407687071891285,-1.7836569142309624,0.33911996567420133
748,1.636259294279031,-2.164686569940697,-1.2354318214435764
749,-0.9102355291124995,0.8409623993494539,0.505509354374795
750,-1.113458362084036,-0.38634008458189334,-0.7280441020144005
751,2.247473065861096,1.7007216734309847,0.03327835401381107
752,-1.3990221429682452,0.2514011394159623,-1.2023173155132536
753,-2.272699051367254,1.0146196267212366,-1.32422924252948
754,1.3065755651928337,-1.3306898126618023,-1.8999625547704457
755,-0.7444985448786947,0.5863013124226829,-0.9179501029190049
756,-0.5239715521480133,-0.12262581621462953,-1.7181746789006713
757,-0.5891244927797036,-1.8335242412904886,0.4919106285443828
758,0.7483405397075807,0.7141777735925848,-0.21862135632994179
759,-2.9064164492556905,0.7850993768899002,-0.3889760378721789
760,-0.6470463776051244,2.0574256936260475,0.9181879845386688
761,-1.873180426342911,-1.016078583050933,0.4818724645465876
762,-0.6238035999839935,-2.180911927837424,0.3827882920838022
763,0.6113071402538928,-1.3979175674343227,-0.40473280831879527
764,-0.012603211266434933,-2.171169356961368,1.289552663506923
765,-0.8916532268316962,0.9026727072728912,-0.49588103615194823
766,-1.3320470144725212,-1.1870963055237838,0.4645887380110927
767,0.4321737089322596,-0.7491856166567356,0.9541492538730031
768,1.4059446709333456,0.30647696524852197,0.4054109582479099
769,-1.7099096442378015,-0.019154196084996133,0.6205849692413876
770,0.19761835763029056,1.388188021868313,0.04200796753876879
771,-1.442045014242185,-0.13080773015087765,2.081955973643181
772,-1.1173140454322659,1.5454582622113817,1.0722446353168062
773,0.5270856343727501,-2.15348162859416,0.09992222803108086
774,-1.6340058588866806,-0.3761939561585086,1.0953792501576438
775,0.05538010625336609,-0.44850856277746526,-0.11353467613734358
776,-0.9707038783200058,1.340914126508237,-0.07107167558718863
777,-1.7227611123982294,-0.5052608000496175,0.11307031258752676
778,2.3351932295120204,-1.8702911445706967,-2.021087360846953
779,-1.9373536688426372,2.7648474598828665,-2.4106931839036685
780,1.021999530441013,-0.06387144583975346,-1.0648354317737996
781,-0.9496632664164755,1.4765711566047353,1.5535506735698132
782,-1.4553601450176499,1.6540173590711569,-1.1442237468106582
783,-0.38866938349698643,-0.8586905519827499,0.7055628218095498
784,-2.5566268243238817,-0.47485535763154374,1.5020156408153156
785,-1.7724471731217906,-0.014154456868069376,-0.5292741397625749
786,-1.2061532057192854,0.3438738759511745,2.0412998294327536
787,-0.6022797325237321,0.7012006713690705,-0.6478389019424189
788,0.20067170299046688,-2.182251120144512,0.28133290243445863
789,-1.1635516451298424,-0.8110107371033073,0.8698361133943641
790,-0.42395866659249076,-0.6872288110001962,-0.9430759869649286
791,-0.44437851374150406,-1.0971738160849591,-0.3243135539897083
792,1.2324746158961903,0.1149210950056756,-1.4800660683019902
793,-0.686714290708094,-2.0914160280866456,0.4123146930553433
794,0.7097620856782351,-0.4585711684262633,0.27972499285591146
795,-1.4896253785379419,-1.7371679454203923,0.3215771864991348
796,0.8466485454460815,-0.5283734862190161,-1.1425956553817136
797,1.4654005930019027,-0.12582207451114968,-1.6445168370897771
798,0.08920073373483695,-0.6763960974243655,-0.08625089436306665
799,-0.2953864212863353,-0.9893167577576945,0.7011578786620594
800,-1.1540804605120127,-4.260863920403702,-0.16633320382636374
801,0.6985272284204722,-0.9314117048216203,0.5672988991549707
802,-0.11815899459391477,1.4456930133660726,-0.8894198560062014
803,-0.5777511503520689,0.1842437592595234,0.9106530439406467
804,0.5433560556068386,-1.2553370642570985,-0.25743141850360896
805,1.2833194774293761,-0.3520535249877007,0.6883478693809282
806,1.5359726979062136,-1.7364568795881823,-1.2693548701871302
807,-0.4218107838173566,2.599167764559743,-1.8007559165720357
808,2.4550128385892065,-0.21064192968866025,-2.6310372177605466
809,0.8176939905702294,-2.9144671101552326,0.7596658588762819
810,0.03980313155968285,-0.18907795811381356,-2.090108963818973
811,-0.5223073352337244,-1.7154945223563882,0.5304795068639494
812,1.7867157058955379,1.3186288387452851,0.1112076535692379
813,-0.9470273327113159,-0.38463051781605273,-0.8439651506953445
814,-0.05014161134312889,-0.7267077798210599,-1.1262257013637573
815,1.7155221309846707,-1.2759668662795787,-1.5692355212510223
816,1.2525508910698364,0.39070723097383997,-0.034962163599846496
817,-0.7094571996014056,-1.5079805693958812,0.5156016842576852
818,1.1443168704713553,-1.3044757206178244,-2.319350539859559
819,-0.013946771187208551,1.65551315477765,0.6454637871273705
820,-0.536271762522862,0.8182687756761836,-0.4050581620669122
821,-0.6234213191231859,-1.1854583358918047,0.6147884919550363
822,0.5599298333156326,1.3574953505915128,-0.2209450800278575
823,-1.9223812828726003,1.937697254957621,-1.1812198903660591
824,1.4004392189406807,0.31915447772845473,0.1767934965815664
825,1.3800113177686755,-0.10868099008434318,1.077756562936453
826,0.2181415571912363,-0.007423604105124548,1.0452480916299762
827,0.5654491511411868,1.4756716617317631,-0.9464020999043592
828,1.6041554571709191,-0.8202599250465934,1.2990003802599803
829,-0.8854833749725834,0.5869873699204737,0.06968712378537367
830,-0.9081315330811964,0.5766694387767883,0.9367022852863232
831,-2.400027162091116,0.5064856169666401,-0.4613617290225096
832,1.0291602856362907,-0.15160439804827108,-0.5053369712306552
833,-1.087416098805,1.6238351426689381,-0.8148344963883939
834,0.872381809424428,1.710732743678521,-1.5715488790460634
835,-1.2556387855449027,-1.974286586002765,0.25979646240820237
836,0.46943053240971455,-0.15784463941786397,-2.5021132007657694
837,-1.3765986798429113,1.3943789700561764,-0.8894551759910596
838,-0.11739962168941243,-1.2491268708488479,-0.5125189079965944
839,0.2937094337445117,-1.4877714720380921,1.1351013995060815
840,0.8152874891066946,-0.44840031191499774,-0.3644744793866751
841,1.6889008107487675,-1.0573901282870874,-1.612381122003081
842,1.1691509541676262,0.7173541578911081,0.13534748210448255
843,-0.5243991510914486,-1.5683917457453558,0.3354723249140772
844,-0.8384583863706063,-1.0306070842485244,0.5760644588792588
845,1.0022388143041052,-0.7680897172608341,-0.9821460156508008
846,0.327214160364691,-2.756920149546872,1.0926763337059355
847,-1.1586567819436806,-2.5348325572518062,0.20145041836903338
848,-0.44294372895729217,-0.19954837735637554,0.8380138095688189
849,1.9478141501265693,-2.966045317950469,-0.2734557764619089
850,1.1790252640202192,1.3915391449358188,1.1029269774912231
851,-0.6030812123902582,1.1268977757650969,1.1051856619118958
852,-0.07408695440009272,-0.3027011078516426,-0.6223071712706237
853,-1.859860681644067,2.91317222277205,-2.4325453554452166
854,0.09260207859880287,-0.24392740836202553,0.9431827615623228
855,0.09928429555690277,-0.4545966949605113,-1.989110332871051
856,-1.1043778638519441,-0.08484584942455087,-1.1372198416367525
857,-2.1056060509636563,1.8344950175559558,-2.3050386107611667
858,-0.7705274014481772,-0.22265174308851388,0.7973363123999141
859,-0.6668023869145573,-0.53998869088359,0.7442600139447116
860,0.717003377358898,1.5972516777180137,0.35370563184816317
861,2.2698397051959587,0.6212281866420906,0.9750009621023537
862,-0.2780392885179138,-0.5920491109814217,-1.09198099395637
863,-1.6938968887432317,0.6783699358683106,-1.4793675722446429
864,-0.9464993257493443,0.9448278093424112,1.7492319573839736
865,-1.2674669605650506,0.51201880077155,0.9590614341123607
866,-0.2784813646656752,-0.3263702694791886,0.9191599518755611
867,-1.9265330351214915,-2.3797897124180127,0.06814688604505015
868,-1.3632694419279208,-1.3640820641738638,0.40900384692845493
869,-0.3348863474803471,1.2637330128130795,1.2114313782648691
870,0.2753676581409483,1.4864895467737518,0.18185310952346456
871,-0.5088279730990302,-0.31589429053075746,-1.2000969735884106
872,-1.097265993866235,0.28335841575841947,0.8575859984346361
873,-1.278146042067437,-0.2937004822320878,-0.7340808935638614
874,-0.17883909900481276,-0.07666046398283155,-0.6655179933256317
875,0.30653121570150543,-0.15108752744404064,-0.4604465590375344
876,-0.04250558517285785,1.5182001858134866,-1.5753267153858403
877,1.8835505556169034,-0.2326552606734364,-2.032336301369356
878,0.12832167487188895,1.990261604985327,-1.9913602615509902
879,-0.578022443479928,-0.05070376855659786,0.8258139889351701
880,-0.9836213036875383,-0.307122632442774,-1.1126458235435566
881,-1.6669769759408926,1.7960747417093765,-1.230447718903095
882,1.4133163638856543,-0.9589437705523166,-2.5142829584623665
883,-0.4887864370718171,1.1348892484278672,-0.01401443539372571
884,-0.2574719902553419,-1.3507672301407876,-0.3546612592188527
885,-0.06577354301466753,-0.9644227355870132,-0.9503204858349756
886,0.7703396288416908,-1.8133389955278105,-0.6340546319586752
887,-0.6320889359606018,0.7448974932587188,-0.17437161933725642
888,1.8291431080645857,-2.125102534185464,-1.424172948125672
889,-0.37959849773280563,1.1588558852787998,1.1585385843148601
890,-0.13308027621010554,-2.1905753775941457,2.0771754681316583
891,0.503100453860486,-0.7244782759674037,0.4799814288889414
892,-0.3775379947521288,0.5421935056462195,-2.6413648129864002
893,0.23199243332993258,-1.3126715774736537,1.6840604382381503
894,0.8921730744345364,-0.4592307270776706,0.5770821986641542
895,-0.002323274106995621,-3.3281988393348474,2.1122807015877862
896,-0.9251389134260356,-0.8975274317049494,-0.22291513668319063
897,-1.0587589626674956,-2.380936723399423,0.22410064071140656
898,0.4106983369498114,-0.09093979613753245,-0.45159584168789935
899,-0.1925760401953337,-2.3384249927416647,0.4926232696415816
900,1.8048525139972469,-1.3035581934764575,1.1997608496187055
901,0.07534063647220368,2.0916400002473976,-2.1059359553762205
902,-1.5862352260150494,0.9685078130149709,2.4806444500003124
903,-1.6126216445604038,-3.4114845047994447,1.2907761236165638
904,0.25616606389088636,-0.9448386281559522,-1.463841350825617
905,-1.409342554692026,-0.8675402143469831,0.4042114329231006
906,0.6927734230021978,-0.4157557610002425,-0.5258845569317772
907,-0.04811681806464296,-2.6269952692879275,2.1020535991079985
908,1.1678934360984974,-1.4370517955687923,-0.9672150457846238
909,-0.07301035709060377,-1.290357044162982,0.7876067218031062
910,-0.5525394350736289,1.7910885402231365,1.3491252031172234
911,-0.9075829790197839,-0.3800313543852524,0.741854862096905
912,-0.20173674596564706,-0.7137498642621869,0.8201065123832467
913,0.5392767295174703,-1.0753906404621103,0.9131000779049319
914,1.9069316672365708,-1.5791168968627254,-2.2638787256953816
915,-0.3832011284959477,-1.4019578167811408,0.649262911760482
916,0.3736199969379454,-1.3229414821805183,1.2107896317017306
917,-0.35249350866520823,1.81975830597521,0.4939110992688721
918,-1.1490359542873283,-0.8405860895437713,0.5959834789330258
919,0.4259773956875974,-0.5321702438176928,0.1521203959645181
920,-1.5056324690650098,-1.1608084070043778,0.8313630670411747
921,0.606823090382582,3.7024842087443313,1.5648000499765864
922,0.24707519038033365,-1.4787612083106756,-0.6637634673032647
923,-1.1309206697044478,0.36816340261657765,-1.9636602462444344
924,1.013567213282768,-2.7109332642662123,0.2614720956880563
925,-1.1329457485314338,-0.3753261763216156,-0.5927756455470486
926,-1.3790000259436281,1.9996435442348717,2.0416220191781633
927,-1.9727196722341713,-0.523239444065815,2.409574153289965
928,-1.8281342923380215,1.0295098415626336,-1.7223858367200384
929,-0.8538987599810837,1.1872909596874077,-0.6190421249033539
930,0.1024045525247631,-0.9911824975699803,-0.16337484820934278
931,-0.3401701448722044,-1.344026517883441,0.6293404407632862
932,-0.7869767097500626,-0.3821818875075555,0.7644888373069617
933,-0.33026408077735964,-0.5503017384276642,0.8238059394389488
934,1.126944874978976,0.2315922742890414,0.3138119625310576
935,-1.530570123784878,2.19129941410589,-0.8377066118492036
936,0.22397064816436296,-0.4502335069629657,-0.29014593599731686
937,1.116373515491927,-0.8954942502847512,-1.0717045884446474
938,-2.3596492059891867,0.8995248593359049,-0.9834720760459118
939,0.42477995133945246,0.8906550655626722,1.2557190348976257
940,-1.1211728981225821,0.19626879589395396,-1.4786047020183042
941,-0.9034706932965493,3.4938695028292255,-2.293874656305684
942,-1.8052444722621466,1.7450670812023958,-1.8221722245088532
943,1.5086864810953113,0.2872318941285936,0.5325522454183234
944,1.3490109383407558,-0.58956322698547,1.6924499171240766
945,2.3253231528769467,-1.7651745443136857,-2.0732280671307866
946,-0.6320801282933444,0.35828233965844214,-1.1080351119280931
947,-0.28290081721301935,1.8876031510592062,1.327910548517284
948,-2.5933694977936446,-2.2548029933997125,0.8654507110069202
949,-2.4166325378597895,-1.1320825471292635,1.7860040316690255
950,-0.9512953150854069,0.3224697588993543,1.7623937967154704
951,-0.7187384604931293,0.29164609199037855,-1.9823923379684318
952,-0.9068174079599021,-1.6547722721405305,0.4618238003940671
953,-0.46857603384640467,-1.3863277535893288,-0.03149530290326219
954,1.6433178021255803,0.1308466600701076,0.14185344669052935
955,-0.8938542096503567,0.23018048669310842,0.3573833076102831
956,-1.5919162546993546,-0.6725983251539929,0.4990671255108596
957,1.26086033789847,-1.0570455026875492,-1.1740035639213238
958,-0.17103470929886067,0.6007824210406791,0.463423089766132
959,-0.2212283184798357,-1.188186327524241,-0.3188228595356797
960,-1.365392124880704,-0.2704213994351336,-0.46904766624010685
961,-1.8502747403080468,0.5216060857342295,-1.3431827474299258
962,-0.3664873095463119,-0.7100015540246697,0.417389377534473
963,1.467597022707735,1.0381362989372098,-1.1965409450150535
964,-0.7608726921131554,4.192203896516974,-1.8372823962190523
965,-0.25093467694346083,-0.43285296638531134,0.19910039178687855
966,0.5262437321420748,-1.8107571208195654,-0.12149665000573862
967,-1.197555056939196,1.9508612863008266,-1.4525865170168903
968,0.7171348541146194,1.6896846375620806,-0.8511662800063151
969,-2.0329459460151544,0.22795855302512735,-0.21659246426111883
970,0.12465852237323338,-2.399580245869437,0.9074638608323333
971,-0.5139703695699602,-1.8148630758415454,0.49064631625248556
972,-0.665660922403156,0.8653112607732256,0.2390735678336957
973,0.5043279963457069,0.1409981768787948,0.2590453461870607
974,-2.1014907510155005,1.4477922766057076,-2.2680080326033676
975,0.9215738795061186,2.6906151044903313,-0.707838044967944
976,1.5385263871524808,-1.6635837954478783,-1.2582542686356033
977,0.026991956903881786,0.7893307521336691,-0.5627916929946999
978,-0.34356648941528767,-0.1952999778140332,0.21572550480953512
979,3.632862622123432,-2.425260826503846,-3.2062332922630654
980,-1.6492768312017927,-1.088560400976843,0.6358412843086625
981,-1.448911207091072,-2.392469964033532,0.17368614779154357
982,3.099020683565687,-2.326852609873117,-2.6629420057750224
983,1.4415097070487684,0.8613353128239705,-0.9353556588060619
984,-0.09630216842828898,0.30333552507219363,1.0205759695883387
985,0.8179992875680134,0.31657572403790346,-1.132743799285677
986,0.6879847247835603,-0.9938822539595749,0.5466346600085774
987,-0.8899663377577165,0.10801097064328946,-1.595895165682049
988,0.15742242317566368,1.5704231143306249,-2.851738566822232
989,-1.8236983965717333,0.6396159091304416,1.4971336726119089
990,0.9714363159252116,0.018985356840007905,-0.4483846607682529
991,2.093579612279557,1.3824724494459228,0.05953915416837663
992,0.1357776278469287,-1.0250656901825066,-0.014048134778469001
993,0.9987004760287472,-1.6512916793215384,-0.7385305923271862
994,1.6660518769550812,0.5168610453641678,0.5807598413140376
995,-0.8206876770193986,1.2353451719518729,1.0847137669341667
996,0.24170813162790084,1.6956050642320166,0.13620271779308157
997,-0.8862091246501045,0.6822425087310018,-2.60950120107792
998,-2.260839659306381,-1.243890875904754,1.559938152046206
999,-0.5796778282221299,-3.5059973539594944,0.10625912783078895
